tiempo,fase,detenidos_norte,detenidos_sur,detenidos_este,detenidos_oeste
1.0,verde_dg15,0,0,0,0
2.0,verde_dg15,0,0,0,0
3.0,verde_dg15,0,0,0,0
4.0,verde_dg15,0,0,0,0
5.0,verde_dg15,0,0,0,0
6.0,verde_dg15,0,0,0,0
7.0,verde_dg15,0,0,0,0
8.0,verde_dg15,0,0,0,0
9.0,verde_dg15,0,0,0,0
10.0,verde_dg15,0,0,0,0
11.0,verde_dg15,0,0,0,0
12.0,verde_dg15,0,0,0,0
13.0,verde_dg15,0,0,0,0
14.0,verde_dg15,0,0,0,0
15.0,verde_dg15,0,0,0,0
16.0,verde_dg15,0,0,0,0
17.0,verde_dg15,0,0,0,0
18.0,verde_dg15,0,0,0,0
19.0,verde_dg15,0,0,0,0
20.0,verde_dg15,0,0,0,0
21.0,amarillo_dg15,0,0,0,0
22.0,amarillo_dg15,0,0,0,0
23.0,amarillo_dg15,0,0,0,0
24.0,todo_rojo,0,0,0,1
25.0,todo_rojo,0,0,0,1
26.0,verde_cra23,0,0,0,1
27.0,verde_cra23,0,0,0,1
28.0,verde_cra23,0,0,0,1
29.0,verde_cra23,0,0,0,1
30.0,verde_cra23,0,0,1,1
31.0,verde_cra23,0,0,1,2
32.0,verde_cra23,0,0,1,2
33.0,verde_cra23,0,0,1,2
34.0,verde_cra23,0,0,2,2
35.0,verde_cra23,0,0,2,2
36.0,verde_cra23,0,0,2,2
37.0,verde_cra23,0,0,3,2
38.0,verde_cra23,0,0,3,2
39.0,verde_cra23,0,0,4,2
40.0,verde_cra23,0,0,4,2
41.0,verde_cra23,0,0,4,2
42.0,verde_cra23,0,0,4,2
43.0,verde_cra23,0,0,4,3
44.0,verde_cra23,0,0,4,3
45.0,verde_cra23,0,0,4,3
46.0,amarillo_cra23,0,0,4,3
47.0,amarillo_cra23,0,0,4,3
48.0,amarillo_cra23,0,0,4,3
49.0,todo_rojo,0,0,4,3
50.0,todo_rojo,0,0,4,3
51.0,verde_dg15,0,0,2,1
52.0,verde_dg15,0,1,2,0
53.0,verde_dg15,0,1,0,0
54.0,verde_dg15,0,1,0,0
55.0,verde_dg15,0,1,0,0
56.0,verde_dg15,0,2,0,0
57.0,verde_dg15,0,3,0,0
58.0,verde_dg15,0,3,0,0
59.0,verde_dg15,0,3,0,0
60.0,verde_dg15,0,3,0,0
61.0,verde_dg15,0,3,0,0
62.0,verde_dg15,0,3,0,0
63.0,verde_dg15,0,3,0,0
64.0,verde_dg15,1,3,0,0
65.0,verde_dg15,1,3,0,0
66.0,verde_dg15,2,3,0,0
67.0,verde_dg15,2,3,0,0
68.0,verde_dg15,2,3,0,0
69.0,verde_dg15,2,3,0,0
70.0,verde_dg15,3,3,0,0
71.0,amarillo_dg15,3,3,0,0
72.0,amarillo_dg15,3,3,0,0
73.0,amarillo_dg15,3,3,0,0
74.0,todo_rojo,3,3,0,0
75.0,todo_rojo,3,3,0,1
76.0,verde_cra23,2,2,0,2
77.0,verde_cra23,2,1,0,2
78.0,verde_cra23,1,0,1,2
79.0,verde_cra23,0,0,1,2
80.0,verde_cra23,0,0,1,2
81.0,verde_cra23,0,0,1,2
82.0,verde_cra23,0,0,1,2
83.0,verde_cra23,0,0,1,2
84.0,verde_cra23,0,0,1,2
85.0,verde_cra23,0,0,1,2
86.0,verde_cra23,0,0,1,2
87.0,verde_cra23,0,0,2,2
88.0,verde_cra23,0,0,2,2
89.0,verde_cra23,0,0,2,2
90.0,verde_cra23,0,0,2,2
91.0,verde_cra23,0,0,2,2
92.0,verde_cra23,0,0,3,2
93.0,verde_cra23,0,0,3,3
94.0,verde_cra23,0,0,4,3
95.0,verde_cra23,0,0,4,3
96.0,amarillo_cra23,0,0,4,3
97.0,amarillo_cra23,0,0,4,3
98.0,amarillo_cra23,0,0,4,3
99.0,todo_rojo,0,0,4,3
100.0,todo_rojo,0,0,4,3
101.0,verde_dg15,0,0,2,1
102.0,verde_dg15,0,0,0,0
103.0,verde_dg15,0,0,0,0
104.0,verde_dg15,0,0,0,0
105.0,verde_dg15,0,1,0,0
106.0,verde_dg15,0,1,0,0
107.0,verde_dg15,0,1,0,0
108.0,verde_dg15,0,1,0,0
109.0,verde_dg15,0,1,0,0
110.0,verde_dg15,0,1,0,0
111.0,verde_dg15,0,1,0,0
112.0,verde_dg15,1,1,0,0
113.0,verde_dg15,1,1,0,0
114.0,verde_dg15,1,1,0,0
115.0,verde_dg15,1,1,0,0
116.0,verde_dg15,1,1,0,0
117.0,verde_dg15,1,2,0,0
118.0,verde_dg15,1,2,0,0
119.0,verde_dg15,1,2,0,0
120.0,verde_dg15,1,2,0,0
121.0,amarillo_dg15,1,2,0,0
122.0,amarillo_dg15,1,2,0,0
123.0,amarillo_dg15,1,2,0,0
124.0,todo_rojo,1,2,0,0
125.0,todo_rojo,1,2,0,0
126.0,verde_cra23,0,0,0,0
127.0,verde_cra23,0,0,0,1
128.0,verde_cra23,0,1,0,1
129.0,verde_cra23,0,1,0,1
130.0,verde_cra23,0,2,0,1
131.0,verde_cra23,0,2,0,1
132.0,verde_cra23,0,2,0,1
133.0,verde_cra23,0,1,1,2
134.0,verde_cra23,0,1,1,2
135.0,verde_cra23,0,1,2,2
136.0,verde_cra23,0,1,3,2
137.0,verde_cra23,0,1,3,2
138.0,verde_cra23,0,1,3,2
139.0,verde_cra23,0,0,3,3
140.0,verde_cra23,0,0,3,3
141.0,verde_cra23,0,0,3,4
142.0,verde_cra23,0,0,3,4
143.0,verde_cra23,0,0,3,4
144.0,verde_cra23,0,0,3,4
145.0,verde_cra23,0,0,3,4
146.0,amarillo_cra23,0,0,3,4
147.0,amarillo_cra23,0,0,3,4
148.0,amarillo_cra23,0,0,4,4
149.0,todo_rojo,0,0,4,4
150.0,todo_rojo,0,1,4,4
151.0,verde_dg15,0,1,2,2
152.0,verde_dg15,0,1,0,1
153.0,verde_dg15,1,1,0,0
154.0,verde_dg15,1,2,0,0
155.0,verde_dg15,1,2,0,0
156.0,verde_dg15,2,2,0,0
157.0,verde_dg15,2,2,0,0
158.0,verde_dg15,2,2,0,0
159.0,verde_dg15,2,3,0,0
160.0,verde_dg15,2,3,0,0
161.0,amarillo_dg15,2,3,0,0
162.0,amarillo_dg15,2,3,0,0
163.0,amarillo_dg15,2,3,0,0
164.0,todo_rojo,2,3,0,0
165.0,todo_rojo,2,3,0,1
166.0,verde_cra23,1,2,0,1
167.0,verde_cra23,0,1,0,1
168.0,verde_cra23,0,0,0,1
169.0,verde_cra23,0,0,0,1
170.0,verde_cra23,0,0,0,1
171.0,verde_cra23,0,0,0,1
172.0,verde_cra23,0,0,0,1
173.0,verde_cra23,0,0,0,1
174.0,verde_cra23,0,0,0,1
175.0,verde_cra23,0,0,0,1
176.0,verde_cra23,0,0,0,1
177.0,verde_cra23,0,0,0,2
178.0,verde_cra23,0,0,0,2
179.0,verde_cra23,0,0,0,2
180.0,verde_cra23,0,0,0,2
181.0,verde_cra23,0,1,1,2
182.0,verde_cra23,0,1,1,2
183.0,verde_cra23,0,1,1,2
184.0,verde_cra23,0,1,1,2
185.0,verde_cra23,0,1,1,2
186.0,amarillo_cra23,0,1,1,2
187.0,amarillo_cra23,0,1,1,2
188.0,amarillo_cra23,0,1,1,2
189.0,todo_rojo,0,1,1,2
190.0,todo_rojo,0,1,1,2
191.0,verde_dg15,0,1,0,0
192.0,verde_dg15,0,1,0,0
193.0,verde_dg15,0,1,0,0
194.0,verde_dg15,0,1,0,0
195.0,verde_dg15,0,1,0,0
196.0,verde_dg15,0,1,0,0
197.0,verde_dg15,1,1,0,0
198.0,verde_dg15,1,1,0,0
199.0,verde_dg15,2,1,0,0
200.0,verde_dg15,2,1,0,0
201.0,amarillo_dg15,2,1,0,0
202.0,amarillo_dg15,2,1,0,0
203.0,amarillo_dg15,3,1,0,0
204.0,todo_rojo,3,1,0,0
205.0,todo_rojo,3,1,0,0
206.0,verde_cra23,2,1,0,0
207.0,verde_cra23,1,1,0,0
208.0,verde_cra23,0,1,0,0
209.0,verde_cra23,0,0,0,0
210.0,verde_cra23,0,0,0,0
211.0,verde_cra23,0,0,0,0
212.0,verde_cra23,0,0,0,0
213.0,verde_cra23,0,0,0,0
214.0,verde_cra23,0,0,0,0
215.0,verde_cra23,0,0,0,0
216.0,verde_cra23,0,0,0,1
217.0,verde_cra23,0,0,0,1
218.0,verde_cra23,0,0,0,1
219.0,verde_cra23,0,0,0,1
220.0,verde_cra23,0,0,0,1
221.0,verde_cra23,0,0,0,1
222.0,verde_cra23,0,0,0,1
223.0,verde_cra23,0,0,0,1
224.0,verde_cra23,0,0,0,1
225.0,verde_cra23,0,0,0,1
226.0,amarillo_cra23,0,0,0,1
227.0,amarillo_cra23,1,0,0,1
228.0,amarillo_cra23,1,0,0,1
229.0,todo_rojo,1,0,0,2
230.0,todo_rojo,1,0,1,2
231.0,verde_dg15,1,0,0,0
232.0,verde_dg15,1,0,0,0
233.0,verde_dg15,1,0,0,0
234.0,verde_dg15,1,1,0,0
235.0,verde_dg15,2,1,0,0
236.0,verde_dg15,2,1,0,0
237.0,verde_dg15,2,1,0,0
238.0,verde_dg15,2,2,0,0
239.0,verde_dg15,2,3,0,0
240.0,verde_dg15,2,3,0,0
241.0,amarillo_dg15,2,3,0,0
242.0,amarillo_dg15,2,3,0,0
243.0,amarillo_dg15,3,3,0,0
244.0,todo_rojo,3,3,0,0
245.0,todo_rojo,4,4,0,0
246.0,verde_cra23,3,2,0,1
247.0,verde_cra23,3,0,0,1
248.0,verde_cra23,2,0,0,1
249.0,verde_cra23,1,0,0,2
250.0,verde_cra23,0,0,0,3
251.0,verde_cra23,0,0,0,3
252.0,verde_cra23,0,0,1,3
253.0,verde_cra23,0,0,1,3
254.0,verde_cra23,0,0,1,3
255.0,verde_cra23,0,0,1,3
256.0,verde_cra23,0,0,1,3
257.0,verde_cra23,0,0,1,3
258.0,verde_cra23,0,0,1,3
259.0,verde_cra23,0,0,2,3
260.0,verde_cra23,0,0,3,3
261.0,verde_cra23,0,0,3,3
262.0,verde_cra23,0,0,4,3
263.0,verde_cra23,0,0,4,3
264.0,verde_cra23,0,0,4,3
265.0,verde_cra23,0,0,4,3
266.0,amarillo_cra23,0,0,4,3
267.0,amarillo_cra23,0,0,4,3
268.0,amarillo_cra23,0,0,4,3
269.0,todo_rojo,0,0,4,3
270.0,todo_rojo,1,0,4,3
271.0,verde_dg15,1,0,2,1
272.0,verde_dg15,1,0,1,0
273.0,verde_dg15,2,0,0,0
274.0,verde_dg15,2,1,0,0
275.0,verde_dg15,2,1,0,0
276.0,verde_dg15,2,1,0,0
277.0,verde_dg15,2,1,0,0
278.0,verde_dg15,2,1,0,0
279.0,verde_dg15,2,2,0,0
280.0,verde_dg15,2,2,0,0
281.0,amarillo_dg15,2,3,0,0
282.0,amarillo_dg15,2,3,0,0
283.0,amarillo_dg15,2,3,0,0
284.0,todo_rojo,2,3,0,0
285.0,todo_rojo,3,4,0,0
286.0,verde_cra23,2,2,1,0
287.0,verde_cra23,1,0,1,0
288.0,verde_cra23,0,1,2,0
289.0,verde_cra23,0,1,3,0
290.0,verde_cra23,0,1,3,0
291.0,verde_cra23,0,1,3,0
292.0,verde_cra23,0,1,3,0
293.0,verde_cra23,0,1,3,0
294.0,verde_cra23,0,1,3,0
295.0,verde_cra23,0,1,3,0
296.0,verde_cra23,0,1,4,0
297.0,verde_cra23,0,1,4,0
298.0,verde_cra23,0,1,4,0
299.0,verde_cra23,0,1,4,0
300.0,verde_cra23,0,1,4,0
301.0,verde_cra23,0,1,4,1
302.0,verde_cra23,0,1,4,1
303.0,verde_cra23,0,1,4,1
304.0,verde_cra23,0,1,5,1
305.0,verde_cra23,0,1,5,1
306.0,amarillo_cra23,0,1,5,1
307.0,amarillo_cra23,0,1,5,1
308.0,amarillo_cra23,0,1,5,1
309.0,todo_rojo,0,1,5,1
310.0,todo_rojo,0,1,5,1
311.0,verde_dg15,0,2,3,0
312.0,verde_dg15,0,2,1,0
313.0,verde_dg15,0,2,0,0
314.0,verde_dg15,0,2,0,0
315.0,verde_dg15,0,2,0,0
316.0,verde_dg15,0,2,0,0
317.0,verde_dg15,0,2,0,0
318.0,verde_dg15,1,2,0,0
319.0,verde_dg15,1,2,0,0
320.0,verde_dg15,1,2,0,0
321.0,verde_dg15,1,2,0,0
322.0,verde_dg15,1,2,0,0
323.0,verde_dg15,1,2,0,0
324.0,verde_dg15,1,2,0,0
325.0,verde_dg15,1,2,0,0
326.0,verde_dg15,1,2,0,0
327.0,verde_dg15,1,2,0,0
328.0,verde_dg15,1,2,0,0
329.0,verde_dg15,1,2,0,0
330.0,verde_dg15,1,2,0,0
331.0,amarillo_dg15,1,3,0,0
332.0,amarillo_dg15,1,3,0,0
333.0,amarillo_dg15,1,3,0,0
334.0,todo_rojo,1,3,0,0
335.0,todo_rojo,1,3,0,0
336.0,verde_cra23,0,2,0,0
337.0,verde_cra23,0,2,0,0
338.0,verde_cra23,0,2,0,0
339.0,verde_cra23,0,2,0,0
340.0,verde_cra23,0,2,0,0
341.0,verde_cra23,0,2,0,1
342.0,verde_cra23,0,1,0,1
343.0,verde_cra23,0,0,0,1
344.0,verde_cra23,0,0,0,1
345.0,verde_cra23,0,0,0,1
346.0,verde_cra23,0,0,0,1
347.0,verde_cra23,0,0,0,1
348.0,verde_cra23,0,0,0,1
349.0,verde_cra23,0,0,1,1
350.0,verde_cra23,0,0,2,1
351.0,verde_cra23,0,0,2,1
352.0,verde_cra23,0,0,2,1
353.0,verde_cra23,0,0,2,1
354.0,verde_cra23,0,0,2,1
355.0,verde_cra23,0,0,2,1
356.0,amarillo_cra23,0,0,2,1
357.0,amarillo_cra23,0,0,2,1
358.0,amarillo_cra23,0,0,2,1
359.0,todo_rojo,0,1,2,1
360.0,todo_rojo,0,1,2,1
361.0,verde_dg15,0,1,1,0
362.0,verde_dg15,0,3,0,0
363.0,verde_dg15,0,3,0,0
364.0,verde_dg15,0,3,0,0
365.0,verde_dg15,0,3,0,0
366.0,verde_dg15,0,3,0,0
367.0,verde_dg15,0,3,0,0
368.0,verde_dg15,0,3,0,0
369.0,verde_dg15,0,3,0,0
370.0,verde_dg15,1,3,0,0
371.0,verde_dg15,1,3,0,0
372.0,verde_dg15,1,3,0,0
373.0,verde_dg15,1,3,0,0
374.0,verde_dg15,1,3,0,0
375.0,verde_dg15,1,3,0,0
376.0,verde_dg15,1,4,0,0
377.0,verde_dg15,1,4,0,0
378.0,verde_dg15,1,4,0,0
379.0,verde_dg15,1,4,0,0
380.0,verde_dg15,1,4,0,0
381.0,amarillo_dg15,1,4,0,0
382.0,amarillo_dg15,1,4,0,0
383.0,amarillo_dg15,1,5,0,0
384.0,todo_rojo,1,4,0,0
385.0,todo_rojo,1,4,0,0
386.0,verde_cra23,0,2,0,0
387.0,verde_cra23,0,0,0,0
388.0,verde_cra23,0,0,0,1
389.0,verde_cra23,0,0,0,2
390.0,verde_cra23,0,0,1,3
391.0,verde_cra23,0,0,1,3
392.0,verde_cra23,0,0,1,3
393.0,verde_cra23,0,0,1,3
394.0,verde_cra23,0,0,1,3
395.0,verde_cra23,0,1,1,3
396.0,verde_cra23,0,1,1,3
397.0,verde_cra23,0,1,2,3
398.0,verde_cra23,0,0,2,3
399.0,verde_cra23,0,0,2,4
400.0,verde_cra23,0,0,3,4
401.0,verde_cra23,0,0,3,4
402.0,verde_cra23,0,0,3,4
403.0,verde_cra23,0,0,3,4
404.0,verde_cra23,0,0,3,4
405.0,verde_cra23,0,0,3,5
406.0,amarillo_cra23,0,0,3,5
407.0,amarillo_cra23,0,0,3,6
408.0,amarillo_cra23,0,0,3,6
409.0,todo_rojo,0,0,3,6
410.0,todo_rojo,0,0,3,6
411.0,verde_dg15,0,0,1,4
412.0,verde_dg15,1,0,0,2
413.0,verde_dg15,1,0,0,0
414.0,verde_dg15,2,0,0,0
415.0,verde_dg15,2,0,0,0
416.0,verde_dg15,2,0,0,0
417.0,verde_dg15,2,0,0,0
418.0,verde_dg15,2,0,0,0
419.0,verde_dg15,2,0,0,0
420.0,verde_dg15,2,0,0,0
421.0,amarillo_dg15,3,0,0,0
422.0,amarillo_dg15,3,0,0,0
423.0,amarillo_dg15,3,0,0,0
424.0,todo_rojo,3,0,0,0
425.0,todo_rojo,3,0,0,0
426.0,verde_cra23,2,0,0,0
427.0,verde_cra23,1,0,0,1
428.0,verde_cra23,0,0,1,1
429.0,verde_cra23,0,0,1,1
430.0,verde_cra23,0,0,1,1
431.0,verde_cra23,0,0,1,1
432.0,verde_cra23,0,0,1,1
433.0,verde_cra23,0,0,1,2
434.0,verde_cra23,0,0,1,2
435.0,verde_cra23,0,0,1,2
436.0,verde_cra23,0,0,1,2
437.0,verde_cra23,0,0,1,2
438.0,verde_cra23,0,0,1,2
439.0,verde_cra23,0,0,1,2
440.0,verde_cra23,0,0,1,2
441.0,verde_cra23,0,0,1,2
442.0,verde_cra23,0,0,1,2
443.0,verde_cra23,0,0,1,2
444.0,verde_cra23,0,0,1,2
445.0,verde_cra23,0,0,1,2
446.0,amarillo_cra23,0,0,1,2
447.0,amarillo_cra23,0,0,1,2
448.0,amarillo_cra23,0,0,1,2
449.0,todo_rojo,0,1,1,2
450.0,todo_rojo,0,1,1,2
451.0,verde_dg15,0,1,0,0
452.0,verde_dg15,0,1,0,0
453.0,verde_dg15,0,1,0,0
454.0,verde_dg15,0,2,0,0
455.0,verde_dg15,1,2,0,0
456.0,verde_dg15,1,2,0,0
457.0,verde_dg15,1,3,0,0
458.0,verde_dg15,1,3,0,0
459.0,verde_dg15,1,3,0,0
460.0,verde_dg15,1,3,0,0
461.0,verde_dg15,1,3,0,0
462.0,verde_dg15,1,3,0,0
463.0,verde_dg15,1,3,0,0
464.0,verde_dg15,1,3,0,0
465.0,verde_dg15,1,3,0,0
466.0,verde_dg15,1,3,0,0
467.0,verde_dg15,1,3,0,0
468.0,verde_dg15,1,3,0,0
469.0,verde_dg15,1,3,0,0
470.0,verde_dg15,1,3,0,0
471.0,amarillo_dg15,1,3,0,0
472.0,amarillo_dg15,1,3,0,0
473.0,amarillo_dg15,1,3,0,0
474.0,todo_rojo,1,3,0,0
475.0,todo_rojo,2,3,0,0
476.0,verde_cra23,1,2,1,0
477.0,verde_cra23,0,1,1,1
478.0,verde_cra23,0,0,1,1
479.0,verde_cra23,0,0,1,1
480.0,verde_cra23,0,0,1,1
481.0,verde_cra23,0,0,1,1
482.0,verde_cra23,0,0,1,1
483.0,verde_cra23,0,0,1,2
484.0,verde_cra23,0,0,1,2
485.0,verde_cra23,0,0,1,2
486.0,verde_cra23,0,0,1,2
487.0,verde_cra23,0,0,1,2
488.0,verde_cra23,0,0,1,2
489.0,verde_cra23,0,0,1,2
490.0,verde_cra23,0,0,1,3
491.0,verde_cra23,0,0,1,3
492.0,verde_cra23,0,0,1,3
493.0,verde_cra23,0,0,1,3
494.0,verde_cra23,0,0,1,3
495.0,verde_cra23,0,0,1,3
496.0,amarillo_cra23,0,0,1,3
497.0,amarillo_cra23,0,0,1,3
498.0,amarillo_cra23,0,0,1,4
499.0,todo_rojo,0,0,1,4
500.0,todo_rojo,0,1,1,4
501.0,verde_dg15,0,2,0,2
502.0,verde_dg15,0,2,0,0
503.0,verde_dg15,0,3,0,0
504.0,verde_dg15,1,3,0,0
505.0,verde_dg15,1,3,0,0
506.0,verde_dg15,1,3,0,0
507.0,verde_dg15,2,3,0,0
508.0,verde_dg15,2,3,0,0
509.0,verde_dg15,2,3,0,0
510.0,verde_dg15,2,3,0,0
511.0,amarillo_dg15,2,3,0,0
512.0,amarillo_dg15,2,3,0,0
513.0,amarillo_dg15,2,3,0,0
514.0,todo_rojo,2,3,0,0
515.0,todo_rojo,2,3,0,0
516.0,verde_cra23,1,1,0,0
517.0,verde_cra23,0,0,0,0
518.0,verde_cra23,0,0,0,0
519.0,verde_cra23,0,0,0,0
520.0,verde_cra23,0,0,0,0
521.0,verde_cra23,0,0,0,0
522.0,verde_cra23,0,0,1,0
523.0,verde_cra23,0,0,1,0
524.0,verde_cra23,0,0,1,0
525.0,verde_cra23,0,0,1,0
526.0,verde_cra23,0,0,1,0
527.0,verde_cra23,0,0,1,0
528.0,verde_cra23,0,0,2,0
529.0,verde_cra23,0,0,2,0
530.0,verde_cra23,0,0,2,0
531.0,verde_cra23,0,0,2,0
532.0,verde_cra23,0,0,2,0
533.0,verde_cra23,0,0,2,0
534.0,verde_cra23,0,0,2,0
535.0,verde_cra23,0,0,2,0
536.0,amarillo_cra23,0,0,2,0
537.0,amarillo_cra23,0,0,3,0
538.0,amarillo_cra23,0,0,4,0
539.0,todo_rojo,0,0,4,0
540.0,todo_rojo,0,0,4,0
541.0,verde_dg15,0,0,2,0
542.0,verde_dg15,0,0,0,0
543.0,verde_dg15,0,0,0,0
544.0,verde_dg15,0,0,0,0
545.0,verde_dg15,1,0,0,0
546.0,verde_dg15,1,0,0,0
547.0,verde_dg15,1,0,0,0
548.0,verde_dg15,1,0,0,0
549.0,verde_dg15,1,0,0,0
550.0,verde_dg15,2,0,0,0
551.0,amarillo_dg15,2,0,0,0
552.0,amarillo_dg15,2,0,0,0
553.0,amarillo_dg15,2,0,0,0
554.0,todo_rojo,2,0,0,0
555.0,todo_rojo,2,0,0,0
556.0,verde_cra23,1,0,0,0
557.0,verde_cra23,0,0,0,0
558.0,verde_cra23,0,0,0,0
559.0,verde_cra23,0,0,1,0
560.0,verde_cra23,0,0,1,0
561.0,verde_cra23,0,0,1,0
562.0,verde_cra23,0,0,1,0
563.0,verde_cra23,0,0,1,0
564.0,verde_cra23,0,0,1,0
565.0,verde_cra23,0,0,2,0
566.0,verde_cra23,0,0,2,0
567.0,verde_cra23,0,0,2,0
568.0,verde_cra23,0,0,2,0
569.0,verde_cra23,0,0,2,0
570.0,verde_cra23,0,0,2,0
571.0,verde_cra23,0,0,2,0
572.0,verde_cra23,0,0,2,0
573.0,verde_cra23,0,0,2,0
574.0,verde_cra23,0,0,2,0
575.0,verde_cra23,0,0,2,0
576.0,amarillo_cra23,0,0,2,0
577.0,amarillo_cra23,0,0,2,0
578.0,amarillo_cra23,0,0,2,0
579.0,todo_rojo,0,0,2,0
580.0,todo_rojo,0,0,2,0
581.0,verde_dg15,0,0,0,0
582.0,verde_dg15,0,0,0,0
583.0,verde_dg15,0,0,0,0
584.0,verde_dg15,0,0,0,0
585.0,verde_dg15,0,0,0,0
586.0,verde_dg15,0,1,0,0
587.0,verde_dg15,0,2,0,0
588.0,verde_dg15,0,2,0,0
589.0,verde_dg15,0,2,0,0
590.0,verde_dg15,0,3,0,0
591.0,verde_dg15,0,3,0,0
592.0,verde_dg15,0,3,0,0
593.0,verde_dg15,0,3,0,0
594.0,verde_dg15,0,3,0,0
595.0,verde_dg15,0,3,0,0
596.0,verde_dg15,0,3,0,0
597.0,verde_dg15,0,4,0,0
598.0,verde_dg15,0,4,0,0
599.0,verde_dg15,0,5,0,0
600.0,verde_dg15,0,5,0,0
601.0,amarillo_dg15,1,5,0,0
602.0,amarillo_dg15,1,5,0,0
603.0,amarillo_dg15,1,5,0,0
604.0,todo_rojo,1,5,0,0
605.0,todo_rojo,1,5,0,0
606.0,verde_cra23,0,3,0,0
607.0,verde_cra23,0,1,0,0
608.0,verde_cra23,0,0,0,0
609.0,verde_cra23,0,0,0,0
610.0,verde_cra23,0,1,0,0
611.0,verde_cra23,0,1,0,0
612.0,verde_cra23,0,2,0,0
613.0,verde_cra23,0,2,0,0
614.0,verde_cra23,0,2,0,0
615.0,verde_cra23,0,2,0,0
616.0,verde_cra23,0,1,0,0
617.0,verde_cra23,0,1,0,0
618.0,verde_cra23,0,1,1,0
619.0,verde_cra23,0,1,1,0
620.0,verde_cra23,0,1,1,0
621.0,verde_cra23,0,1,1,0
622.0,verde_cra23,0,0,1,0
623.0,verde_cra23,0,0,1,0
624.0,verde_cra23,0,0,1,0
625.0,verde_cra23,0,0,1,1
626.0,amarillo_cra23,0,0,1,1
627.0,amarillo_cra23,1,0,2,1
628.0,amarillo_cra23,1,0,2,1
629.0,todo_rojo,1,0,2,1
630.0,todo_rojo,1,0,2,1
631.0,verde_dg15,1,0,0,0
632.0,verde_dg15,2,0,0,0
633.0,verde_dg15,2,0,0,0
634.0,verde_dg15,2,0,0,0
635.0,verde_dg15,2,0,0,0
636.0,verde_dg15,2,0,0,0
637.0,verde_dg15,2,0,0,0
638.0,verde_dg15,2,0,0,0
639.0,verde_dg15,2,0,0,0
640.0,verde_dg15,2,0,0,0
641.0,amarillo_dg15,2,0,0,0
642.0,amarillo_dg15,2,0,0,0
643.0,amarillo_dg15,2,0,0,0
644.0,todo_rojo,2,0,0,0
645.0,todo_rojo,2,1,0,0
646.0,verde_cra23,1,0,0,0
647.0,verde_cra23,0,0,0,0
648.0,verde_cra23,0,0,0,0
649.0,verde_cra23,0,0,0,0
650.0,verde_cra23,0,0,0,0
651.0,verde_cra23,0,0,0,0
652.0,verde_cra23,0,0,0,0
653.0,verde_cra23,0,0,0,1
654.0,verde_cra23,0,0,0,1
655.0,verde_cra23,0,0,0,1
656.0,verde_cra23,0,0,0,1
657.0,verde_cra23,0,0,0,1
658.0,verde_cra23,0,0,0,1
659.0,verde_cra23,0,0,0,2
660.0,verde_cra23,0,0,0,2
661.0,verde_cra23,0,0,0,2
662.0,verde_cra23,0,0,0,2
663.0,verde_cra23,0,0,0,2
664.0,verde_cra23,0,0,0,2
665.0,verde_cra23,0,0,0,2
666.0,amarillo_cra23,0,0,0,2
667.0,amarillo_cra23,0,0,0,2
668.0,amarillo_cra23,0,0,0,2
669.0,todo_rojo,0,0,0,2
670.0,todo_rojo,0,0,0,3
671.0,verde_dg15,0,0,0,1
672.0,verde_dg15,0,0,0,0
673.0,verde_dg15,0,0,0,0
674.0,verde_dg15,0,0,0,0
675.0,verde_dg15,0,0,0,0
676.0,verde_dg15,0,0,0,0
677.0,verde_dg15,0,0,0,0
678.0,verde_dg15,0,0,0,0
679.0,verde_dg15,0,0,0,0
680.0,verde_dg15,0,0,0,0
681.0,verde_dg15,0,0,0,0
682.0,verde_dg15,0,0,0,0
683.0,verde_dg15,0,0,0,0
684.0,verde_dg15,0,0,0,0
685.0,verde_dg15,0,0,0,0
686.0,verde_dg15,0,0,0,0
687.0,verde_dg15,0,0,0,0
688.0,verde_dg15,0,0,0,0
689.0,verde_dg15,0,1,0,0
690.0,verde_dg15,0,1,0,0
691.0,amarillo_dg15,0,1,0,0
692.0,amarillo_dg15,0,1,0,0
693.0,amarillo_dg15,0,1,0,0
694.0,todo_rojo,1,1,0,0
695.0,todo_rojo,1,1,0,0
696.0,verde_cra23,0,0,0,0
697.0,verde_cra23,0,0,0,0
698.0,verde_cra23,0,0,0,0
699.0,verde_cra23,0,0,0,0
700.0,verde_cra23,0,0,1,0
701.0,verde_cra23,0,0,1,0
702.0,verde_cra23,0,0,1,0
703.0,verde_cra23,0,0,1,0
704.0,verde_cra23,0,0,1,0
705.0,verde_cra23,0,0,1,0
706.0,verde_cra23,0,0,1,1
707.0,verde_cra23,0,0,1,1
708.0,verde_cra23,0,0,1,1
709.0,verde_cra23,0,0,1,1
710.0,verde_cra23,0,0,1,1
711.0,verde_cra23,0,0,1,1
712.0,verde_cra23,0,0,1,1
713.0,verde_cra23,0,0,1,1
714.0,verde_cra23,0,0,1,1
715.0,verde_cra23,0,0,1,1
716.0,amarillo_cra23,0,0,1,1
717.0,amarillo_cra23,0,0,1,1
718.0,amarillo_cra23,1,0,1,1
719.0,todo_rojo,1,0,1,1
720.0,todo_rojo,2,0,1,1
721.0,verde_dg15,2,0,1,0
722.0,verde_dg15,2,1,0,0
723.0,verde_dg15,2,1,0,0
724.0,verde_dg15,3,2,0,0
725.0,verde_dg15,3,2,0,0
726.0,verde_dg15,3,2,0,0
727.0,verde_dg15,3,2,0,0
728.0,verde_dg15,3,2,0,0
729.0,verde_dg15,3,2,0,0
730.0,verde_dg15,3,2,0,0
731.0,amarillo_dg15,3,2,0,0
732.0,amarillo_dg15,3,2,0,0
733.0,amarillo_dg15,3,2,0,0
734.0,todo_rojo,3,2,0,0
735.0,todo_rojo,4,2,0,0
736.0,verde_cra23,3,1,0,0
737.0,verde_cra23,3,0,0,0
738.0,verde_cra23,2,0,0,1
739.0,verde_cra23,1,0,0,1
740.0,verde_cra23,0,0,0,1
741.0,verde_cra23,0,0,1,1
742.0,verde_cra23,0,0,1,1
743.0,verde_cra23,0,0,1,1
744.0,verde_cra23,0,0,1,2
745.0,verde_cra23,0,0,3,2
746.0,verde_cra23,0,0,3,2
747.0,verde_cra23,0,0,3,3
748.0,verde_cra23,0,0,4,3
749.0,verde_cra23,0,0,4,3
750.0,verde_cra23,0,0,4,3
751.0,verde_cra23,0,0,4,3
752.0,verde_cra23,0,0,4,3
753.0,verde_cra23,0,0,4,3
754.0,verde_cra23,0,0,4,3
755.0,verde_cra23,0,0,4,3
756.0,amarillo_cra23,0,0,4,3
757.0,amarillo_cra23,0,0,4,3
758.0,amarillo_cra23,0,0,4,3
759.0,todo_rojo,0,0,4,3
760.0,todo_rojo,0,0,4,3
761.0,verde_dg15,0,0,2,1
762.0,verde_dg15,0,0,0,0
763.0,verde_dg15,0,0,0,0
764.0,verde_dg15,0,0,0,0
765.0,verde_dg15,0,0,0,0
766.0,verde_dg15,0,0,0,0
767.0,verde_dg15,0,0,0,0
768.0,verde_dg15,0,1,0,0
769.0,verde_dg15,0,1,0,0
770.0,verde_dg15,1,1,0,0
771.0,verde_dg15,1,1,0,0
772.0,verde_dg15,1,1,0,0
773.0,verde_dg15,1,1,0,0
774.0,verde_dg15,1,1,0,0
775.0,verde_dg15,1,1,0,0
776.0,verde_dg15,1,1,0,0
777.0,verde_dg15,1,1,0,0
778.0,verde_dg15,1,1,0,0
779.0,verde_dg15,1,1,0,0
780.0,verde_dg15,1,2,0,0
781.0,amarillo_dg15,1,2,0,0
782.0,amarillo_dg15,1,2,0,0
783.0,amarillo_dg15,1,2,0,0
784.0,todo_rojo,1,2,0,0
785.0,todo_rojo,1,2,0,0
786.0,verde_cra23,0,0,1,0
787.0,verde_cra23,0,0,1,0
788.0,verde_cra23,0,0,1,0
789.0,verde_cra23,0,0,1,0
790.0,verde_cra23,0,0,1,0
791.0,verde_cra23,0,0,1,0
792.0,verde_cra23,0,0,1,0
793.0,verde_cra23,0,0,1,1
794.0,verde_cra23,0,0,2,1
795.0,verde_cra23,0,0,2,1
796.0,verde_cra23,0,0,2,1
797.0,verde_cra23,0,0,2,1
798.0,verde_cra23,0,0,2,1
799.0,verde_cra23,0,0,2,1
800.0,verde_cra23,0,0,2,1
801.0,verde_cra23,0,0,2,1
802.0,verde_cra23,0,0,2,1
803.0,verde_cra23,0,0,2,1
804.0,verde_cra23,0,0,2,1
805.0,verde_cra23,0,0,2,1
806.0,amarillo_cra23,0,0,2,2
807.0,amarillo_cra23,0,0,2,2
808.0,amarillo_cra23,0,0,2,2
809.0,todo_rojo,0,0,2,3
810.0,todo_rojo,0,0,2,3
811.0,verde_dg15,0,0,0,1
812.0,verde_dg15,0,0,0,0
813.0,verde_dg15,0,0,0,0
814.0,verde_dg15,1,0,0,0
815.0,verde_dg15,1,0,0,0
816.0,verde_dg15,1,0,0,0
817.0,verde_dg15,1,0,0,0
818.0,verde_dg15,1,0,0,0
819.0,verde_dg15,1,1,0,0
820.0,verde_dg15,1,1,0,0
821.0,verde_dg15,1,1,0,0
822.0,verde_dg15,1,2,0,0
823.0,verde_dg15,1,2,0,0
824.0,verde_dg15,1,2,0,0
825.0,verde_dg15,1,2,0,0
826.0,verde_dg15,1,3,0,0
827.0,verde_dg15,1,3,0,0
828.0,verde_dg15,1,3,0,0
829.0,verde_dg15,1,3,0,0
830.0,verde_dg15,1,3,0,0
831.0,amarillo_dg15,1,3,0,0
832.0,amarillo_dg15,1,3,0,0
833.0,amarillo_dg15,1,3,0,0
834.0,todo_rojo,1,3,0,0
835.0,todo_rojo,1,3,0,0
836.0,verde_cra23,0,3,0,0
837.0,verde_cra23,0,1,0,0
838.0,verde_cra23,0,0,0,0
839.0,verde_cra23,0,0,0,1
840.0,verde_cra23,0,0,0,1
841.0,verde_cra23,0,0,0,1
842.0,verde_cra23,0,0,0,1
843.0,verde_cra23,0,0,0,1
844.0,verde_cra23,0,0,0,1
845.0,verde_cra23,0,0,0,1
846.0,verde_cra23,0,0,1,1
847.0,verde_cra23,0,0,1,1
848.0,verde_cra23,0,0,1,1
849.0,verde_cra23,0,0,1,1
850.0,verde_cra23,0,0,1,1
851.0,verde_cra23,0,0,1,1
852.0,verde_cra23,0,0,1,1
853.0,verde_cra23,0,0,1,1
854.0,verde_cra23,0,0,1,1
855.0,verde_cra23,0,0,1,1
856.0,amarillo_cra23,0,0,1,1
857.0,amarillo_cra23,0,0,1,1
858.0,amarillo_cra23,0,0,1,1
859.0,todo_rojo,0,0,2,1
860.0,todo_rojo,0,0,2,1
861.0,verde_dg15,0,0,0,0
862.0,verde_dg15,0,0,0,0
863.0,verde_dg15,0,0,0,0
864.0,verde_dg15,0,0,0,0
865.0,verde_dg15,0,0,0,0
866.0,verde_dg15,0,0,0,0
867.0,verde_dg15,0,0,0,0
868.0,verde_dg15,0,0,0,0
869.0,verde_dg15,0,0,0,0
870.0,verde_dg15,0,0,0,0
871.0,verde_dg15,0,0,0,0
872.0,verde_dg15,0,0,0,0
873.0,verde_dg15,0,0,0,0
874.0,verde_dg15,0,0,0,0
875.0,verde_dg15,0,0,0,0
876.0,verde_dg15,0,0,0,0
877.0,verde_dg15,0,0,0,0
878.0,verde_dg15,0,0,0,0
879.0,verde_dg15,0,0,0,0
880.0,verde_dg15,0,1,0,0
881.0,amarillo_dg15,0,1,0,0
882.0,amarillo_dg15,0,1,0,0
883.0,amarillo_dg15,0,1,0,0
884.0,todo_rojo,0,1,0,0
885.0,todo_rojo,0,1,0,0
886.0,verde_cra23,0,0,0,0
887.0,verde_cra23,0,0,0,0
888.0,verde_cra23,0,0,0,0
889.0,verde_cra23,0,0,0,0
890.0,verde_cra23,0,0,0,0
891.0,verde_cra23,0,0,0,0
892.0,verde_cra23,0,0,0,0
893.0,verde_cra23,0,0,0,0
894.0,verde_cra23,0,0,0,0
895.0,verde_cra23,0,0,0,0
896.0,verde_cra23,0,0,0,0
897.0,verde_cra23,0,0,0,0
898.0,verde_cra23,0,0,0,1
899.0,verde_cra23,0,0,0,1
900.0,verde_cra23,0,0,0,1
901.0,verde_cra23,0,0,0,1
902.0,verde_cra23,0,0,0,1
903.0,verde_cra23,0,0,0,1
904.0,verde_cra23,0,0,0,2
905.0,verde_cra23,0,0,0,2
906.0,amarillo_cra23,0,0,0,2
907.0,amarillo_cra23,0,1,0,2
908.0,amarillo_cra23,0,1,0,2
909.0,todo_rojo,0,1,0,2
910.0,todo_rojo,0,2,0,2
911.0,verde_dg15,0,2,0,0
912.0,verde_dg15,1,3,0,0
913.0,verde_dg15,1,3,0,0
914.0,verde_dg15,1,3,0,0
915.0,verde_dg15,1,3,0,0
916.0,verde_dg15,1,3,0,0
917.0,verde_dg15,1,3,0,0
918.0,verde_dg15,2,3,0,0
919.0,verde_dg15,2,4,0,0
920.0,verde_dg15,2,4,0,0
921.0,amarillo_dg15,2,4,0,0
922.0,amarillo_dg15,2,4,0,0
923.0,amarillo_dg15,2,4,0,0
924.0,todo_rojo,2,4,0,0
925.0,todo_rojo,2,4,0,0
926.0,verde_cra23,1,2,0,0
927.0,verde_cra23,0,1,0,0
928.0,verde_cra23,0,0,0,1
929.0,verde_cra23,0,0,0,1
930.0,verde_cra23,0,0,1,1
931.0,verde_cra23,0,0,1,1
932.0,verde_cra23,0,0,1,1
933.0,verde_cra23,0,0,1,2
934.0,verde_cra23,0,0,1,2
935.0,verde_cra23,0,0,1,2
936.0,verde_cra23,0,0,1,2
937.0,verde_cra23,0,0,1,2
938.0,verde_cra23,0,0,1,2
939.0,verde_cra23,0,0,1,2
940.0,verde_cra23,0,0,1,3
941.0,verde_cra23,0,0,1,3
942.0,verde_cra23,0,0,1,3
943.0,verde_cra23,0,0,1,3
944.0,verde_cra23,0,0,2,3
945.0,verde_cra23,0,0,2,3
946.0,amarillo_cra23,0,0,2,3
947.0,amarillo_cra23,0,0,2,3
948.0,amarillo_cra23,0,0,2,3
949.0,todo_rojo,0,0,2,3
950.0,todo_rojo,0,0,2,3
951.0,verde_dg15,0,0,0,1
952.0,verde_dg15,0,0,0,0
953.0,verde_dg15,0,0,0,0
954.0,verde_dg15,1,0,0,0
955.0,verde_dg15,1,0,0,0
956.0,verde_dg15,1,0,0,0
957.0,verde_dg15,1,0,0,0
958.0,verde_dg15,1,1,0,0
959.0,verde_dg15,1,1,0,0
960.0,verde_dg15,1,1,0,0
961.0,verde_dg15,1,1,0,0
962.0,verde_dg15,1,1,0,0
963.0,verde_dg15,1,1,0,0
964.0,verde_dg15,1,1,0,0
965.0,verde_dg15,1,1,0,0
966.0,verde_dg15,1,2,0,0
967.0,verde_dg15,1,2,0,0
968.0,verde_dg15,1,2,0,0
969.0,verde_dg15,1,3,0,0
970.0,verde_dg15,1,3,0,0
971.0,amarillo_dg15,1,3,0,0
972.0,amarillo_dg15,1,3,0,0
973.0,amarillo_dg15,1,3,0,0
974.0,todo_rojo,1,3,0,0
975.0,todo_rojo,1,3,0,0
976.0,verde_cra23,0,1,0,0
977.0,verde_cra23,0,1,0,0
978.0,verde_cra23,0,1,0,0
979.0,verde_cra23,0,1,0,0
980.0,verde_cra23,0,1,0,0
981.0,verde_cra23,0,0,0,0
982.0,verde_cra23,0,0,0,0
983.0,verde_cra23,0,0,0,0
984.0,verde_cra23,0,0,0,0
985.0,verde_cra23,0,0,0,0
986.0,verde_cra23,0,0,0,0
987.0,verde_cra23,0,0,0,0
988.0,verde_cra23,0,0,0,0
989.0,verde_cra23,0,0,0,0
990.0,verde_cra23,0,0,0,0
991.0,verde_cra23,0,0,0,0
992.0,verde_cra23,0,0,0,0
993.0,verde_cra23,0,0,0,0
994.0,verde_cra23,0,0,0,0
995.0,verde_cra23,0,0,0,0
996.0,amarillo_cra23,0,0,0,0
997.0,amarillo_cra23,0,0,0,0
998.0,amarillo_cra23,0,0,0,0
999.0,todo_rojo,0,0,0,0
1000.0,todo_rojo,1,0,1,0
1001.0,verde_dg15,1,0,0,0
1002.0,verde_dg15,1,1,0,0
1003.0,verde_dg15,2,1,0,0
1004.0,verde_dg15,2,1,0,0
1005.0,verde_dg15,2,1,0,0
1006.0,verde_dg15,2,1,0,0
1007.0,verde_dg15,2,1,0,0
1008.0,verde_dg15,2,1,0,0
1009.0,verde_dg15,2,1,0,0
1010.0,verde_dg15,2,1,0,0
1011.0,amarillo_dg15,2,1,0,0
1012.0,amarillo_dg15,2,1,0,0
1013.0,amarillo_dg15,2,1,1,0
1014.0,todo_rojo,2,1,1,0
1015.0,todo_rojo,2,1,1,0
1016.0,verde_cra23,1,0,1,0
1017.0,verde_cra23,0,0,1,0
1018.0,verde_cra23,0,0,1,0
1019.0,verde_cra23,0,0,1,0
1020.0,verde_cra23,0,0,2,0
1021.0,verde_cra23,0,0,2,0
1022.0,verde_cra23,0,0,2,0
1023.0,verde_cra23,0,0,3,0
1024.0,verde_cra23,0,0,3,0
1025.0,verde_cra23,0,0,3,0
1026.0,verde_cra23,0,0,3,1
1027.0,verde_cra23,0,0,3,1
1028.0,verde_cra23,0,0,3,1
1029.0,verde_cra23,0,0,3,2
1030.0,verde_cra23,0,0,3,2
1031.0,verde_cra23,0,0,3,2
1032.0,verde_cra23,0,0,3,2
1033.0,verde_cra23,0,0,3,2
1034.0,verde_cra23,0,0,3,2
1035.0,verde_cra23,0,0,3,3
1036.0,amarillo_cra23,0,0,4,3
1037.0,amarillo_cra23,0,0,4,3
1038.0,amarillo_cra23,0,0,4,2
1039.0,todo_rojo,0,0,4,2
1040.0,todo_rojo,0,0,4,2
1041.0,verde_dg15,0,0,2,0
1042.0,verde_dg15,0,0,0,0
1043.0,verde_dg15,0,0,0,0
1044.0,verde_dg15,0,0,0,0
1045.0,verde_dg15,0,1,0,0
1046.0,verde_dg15,0,1,0,0
1047.0,verde_dg15,0,1,0,0
1048.0,verde_dg15,0,1,0,0
1049.0,verde_dg15,1,1,0,0
1050.0,verde_dg15,1,1,0,0
1051.0,verde_dg15,1,1,0,0
1052.0,verde_dg15,1,1,0,0
1053.0,verde_dg15,1,1,0,0
1054.0,verde_dg15,1,1,0,0
1055.0,verde_dg15,2,1,0,0
1056.0,amarillo_dg15,2,1,0,0
1057.0,amarillo_dg15,2,1,0,0
1058.0,amarillo_dg15,2,1,0,0
1059.0,todo_rojo,2,1,0,0
1060.0,todo_rojo,2,1,0,0
1061.0,verde_cra23,1,0,0,0
1062.0,verde_cra23,0,0,0,1
1063.0,verde_cra23,0,0,1,2
1064.0,verde_cra23,0,0,1,2
1065.0,verde_cra23,0,0,1,2
1066.0,verde_cra23,0,0,1,2
1067.0,verde_cra23,0,0,1,2
1068.0,verde_cra23,0,0,1,2
1069.0,verde_cra23,0,0,1,2
1070.0,verde_cra23,0,0,1,2
1071.0,verde_cra23,0,0,1,2
1072.0,verde_cra23,0,1,1,2
1073.0,verde_cra23,0,1,1,2
1074.0,verde_cra23,0,1,2,2
1075.0,verde_cra23,0,1,2,2
1076.0,verde_cra23,0,1,2,2
1077.0,verde_cra23,0,1,3,2
1078.0,verde_cra23,0,1,3,2
1079.0,verde_cra23,0,1,3,2
1080.0,verde_cra23,0,0,3,2
1081.0,amarillo_cra23,0,0,3,3
1082.0,amarillo_cra23,0,0,3,3
1083.0,amarillo_cra23,0,0,3,3
1084.0,todo_rojo,0,0,4,3
1085.0,todo_rojo,0,0,4,3
1086.0,verde_dg15,0,0,2,1
1087.0,verde_dg15,0,0,0,0
1088.0,verde_dg15,0,0,0,0
1089.0,verde_dg15,0,0,0,0
1090.0,verde_dg15,0,0,0,0
1091.0,verde_dg15,0,0,0,0
1092.0,verde_dg15,0,1,0,0
1093.0,verde_dg15,0,1,0,0
1094.0,verde_dg15,0,1,0,0
1095.0,verde_dg15,0,1,0,0
1096.0,verde_dg15,0,1,0,0
1097.0,verde_dg15,1,1,0,0
1098.0,verde_dg15,1,1,0,0
1099.0,verde_dg15,1,1,0,0
1100.0,verde_dg15,1,1,0,0
1101.0,verde_dg15,1,1,0,0
1102.0,verde_dg15,1,1,0,0
1103.0,verde_dg15,1,1,0,0
1104.0,verde_dg15,1,1,0,0
1105.0,verde_dg15,1,1,0,0
1106.0,amarillo_dg15,1,1,0,0
1107.0,amarillo_dg15,1,2,0,0
1108.0,amarillo_dg15,1,2,0,0
1109.0,todo_rojo,1,2,0,0
1110.0,todo_rojo,1,3,0,0
1111.0,verde_cra23,0,1,0,0
1112.0,verde_cra23,0,0,0,0
1113.0,verde_cra23,0,1,0,0
1114.0,verde_cra23,0,2,0,1
1115.0,verde_cra23,0,1,0,1
1116.0,verde_cra23,0,1,0,1
1117.0,verde_cra23,0,1,0,1
1118.0,verde_cra23,0,1,0,1
1119.0,verde_cra23,0,1,0,2
1120.0,verde_cra23,0,1,0,2
1121.0,verde_cra23,0,0,0,3
1122.0,verde_cra23,0,0,0,3
1123.0,verde_cra23,0,0,0,3
1124.0,verde_cra23,0,0,0,3
1125.0,verde_cra23,0,0,0,3
1126.0,verde_cra23,0,0,0,3
1127.0,verde_cra23,0,0,0,3
1128.0,verde_cra23,0,0,0,3
1129.0,verde_cra23,0,0,0,3
1130.0,verde_cra23,0,0,0,3
1131.0,amarillo_cra23,0,0,1,3
1132.0,amarillo_cra23,0,0,1,3
1133.0,amarillo_cra23,0,0,1,3
1134.0,todo_rojo,0,1,1,3
1135.0,todo_rojo,0,1,1,3
1136.0,verde_dg15,0,1,0,1
1137.0,verde_dg15,0,1,0,0
1138.0,verde_dg15,0,1,0,0
1139.0,verde_dg15,0,1,0,0
1140.0,verde_dg15,1,1,0,0
1141.0,verde_dg15,1,1,0,0
1142.0,verde_dg15,1,1,0,0
1143.0,verde_dg15,1,1,0,0
1144.0,verde_dg15,1,1,0,0
1145.0,verde_dg15,1,1,0,0
1146.0,verde_dg15,1,1,0,0
1147.0,verde_dg15,1,1,0,0
1148.0,verde_dg15,1,1,0,0
1149.0,verde_dg15,1,1,0,0
1150.0,verde_dg15,1,1,0,0
1151.0,verde_dg15,1,1,0,0
1152.0,verde_dg15,1,1,0,0
1153.0,verde_dg15,1,1,0,0
1154.0,verde_dg15,1,1,0,0
1155.0,verde_dg15,1,1,0,0
1156.0,amarillo_dg15,1,1,0,0
1157.0,amarillo_dg15,1,1,0,0
1158.0,amarillo_dg15,1,1,0,0
1159.0,todo_rojo,1,1,0,0
1160.0,todo_rojo,1,1,1,0
1161.0,verde_cra23,0,0,1,0
1162.0,verde_cra23,0,0,2,0
1163.0,verde_cra23,0,0,2,0
1164.0,verde_cra23,0,0,2,0
1165.0,verde_cra23,0,0,2,0
1166.0,verde_cra23,0,0,3,0
1167.0,verde_cra23,0,0,3,0
1168.0,verde_cra23,0,0,3,0
1169.0,verde_cra23,0,0,4,0
1170.0,verde_cra23,0,0,4,0
1171.0,verde_cra23,0,0,4,0
1172.0,verde_cra23,0,0,4,0
1173.0,verde_cra23,0,0,4,0
1174.0,verde_cra23,0,0,4,1
1175.0,verde_cra23,0,0,4,1
1176.0,verde_cra23,0,0,4,1
1177.0,verde_cra23,0,0,4,1
1178.0,verde_cra23,0,0,5,1
1179.0,verde_cra23,0,0,5,1
1180.0,verde_cra23,0,0,5,1
1181.0,amarillo_cra23,0,0,5,1
1182.0,amarillo_cra23,0,0,5,1
1183.0,amarillo_cra23,0,0,5,1
1184.0,todo_rojo,0,0,5,1
1185.0,todo_rojo,0,0,5,1
1186.0,verde_dg15,0,0,3,0
1187.0,verde_dg15,0,0,1,0
1188.0,verde_dg15,0,0,0,0
1189.0,verde_dg15,0,0,0,0
1190.0,verde_dg15,0,0,0,0
1191.0,verde_dg15,0,0,0,0
1192.0,verde_dg15,0,0,0,0
1193.0,verde_dg15,0,0,0,0
1194.0,verde_dg15,0,0,0,0
1195.0,verde_dg15,0,0,0,0
1196.0,verde_dg15,0,0,0,0
1197.0,verde_dg15,1,0,0,0
1198.0,verde_dg15,1,0,0,0
1199.0,verde_dg15,1,0,0,0
1200.0,verde_dg15,1,0,0,0
1201.0,verde_dg15,1,0,0,0
1202.0,verde_dg15,1,1,0,0
1203.0,verde_dg15,1,1,0,0
1204.0,verde_dg15,1,1,0,0
1205.0,verde_dg15,1,1,0,0
1206.0,amarillo_dg15,1,1,0,0
1207.0,amarillo_dg15,1,1,0,0
1208.0,amarillo_dg15,1,1,0,0
1209.0,todo_rojo,1,1,0,0
1210.0,todo_rojo,1,1,0,0
1211.0,verde_cra23,0,0,0,0
1212.0,verde_cra23,0,0,0,0
1213.0,verde_cra23,0,0,0,0
1214.0,verde_cra23,0,0,0,0
1215.0,verde_cra23,0,0,0,0
1216.0,verde_cra23,0,0,0,0
1217.0,verde_cra23,0,0,0,0
1218.0,verde_cra23,0,0,0,0
1219.0,verde_cra23,0,0,0,0
1220.0,verde_cra23,0,0,0,0
1221.0,verde_cra23,0,0,0,0
1222.0,verde_cra23,0,0,0,0
1223.0,verde_cra23,0,0,0,0
1224.0,verde_cra23,0,0,0,0
1225.0,verde_cra23,0,0,0,0
1226.0,verde_cra23,0,0,0,0
1227.0,verde_cra23,0,0,0,0
1228.0,verde_cra23,0,0,0,0
1229.0,verde_cra23,0,0,0,0
1230.0,verde_cra23,0,0,0,0
1231.0,amarillo_cra23,0,0,0,0
1232.0,amarillo_cra23,0,0,0,1
1233.0,amarillo_cra23,0,0,0,1
1234.0,todo_rojo,0,0,0,1
1235.0,todo_rojo,0,0,1,1
1236.0,verde_dg15,0,1,0,0
1237.0,verde_dg15,0,1,0,0
1238.0,verde_dg15,0,1,0,0
1239.0,verde_dg15,0,1,0,0
1240.0,verde_dg15,0,1,0,0
1241.0,verde_dg15,0,1,0,0
1242.0,verde_dg15,0,1,0,0
1243.0,verde_dg15,0,2,0,0
1244.0,verde_dg15,0,2,0,0
1245.0,verde_dg15,0,2,0,0
1246.0,verde_dg15,0,2,0,0
1247.0,verde_dg15,0,2,0,0
1248.0,verde_dg15,0,3,0,0
1249.0,verde_dg15,0,3,0,0
1250.0,verde_dg15,0,3,0,0
1251.0,verde_dg15,0,3,0,0
1252.0,verde_dg15,0,3,0,0
1253.0,verde_dg15,0,3,0,0
1254.0,verde_dg15,0,3,0,0
1255.0,verde_dg15,0,3,0,0
1256.0,amarillo_dg15,0,3,0,0
1257.0,amarillo_dg15,0,3,0,0
1258.0,amarillo_dg15,0,3,0,0
1259.0,todo_rojo,0,3,0,0
1260.0,todo_rojo,0,3,0,0
1261.0,verde_cra23,0,2,0,0
1262.0,verde_cra23,0,1,0,0
1263.0,verde_cra23,0,0,0,1
1264.0,verde_cra23,0,0,1,1
1265.0,verde_cra23,0,0,1,1
1266.0,verde_cra23,0,0,1,1
1267.0,verde_cra23,0,0,1,1
1268.0,verde_cra23,0,0,1,1
1269.0,verde_cra23,0,0,1,1
1270.0,verde_cra23,0,0,1,1
1271.0,verde_cra23,0,0,2,1
1272.0,verde_cra23,0,0,2,1
1273.0,verde_cra23,0,0,2,1
1274.0,verde_cra23,0,0,2,1
1275.0,verde_cra23,0,0,3,1
1276.0,verde_cra23,0,0,3,1
1277.0,verde_cra23,0,0,3,2
1278.0,verde_cra23,0,0,4,2
1279.0,verde_cra23,0,0,4,2
1280.0,verde_cra23,0,0,4,2
1281.0,amarillo_cra23,0,0,4,2
1282.0,amarillo_cra23,0,0,5,2
1283.0,amarillo_cra23,0,0,5,2
1284.0,todo_rojo,0,0,6,2
1285.0,todo_rojo,1,0,6,2
1286.0,verde_dg15,1,0,3,0
1287.0,verde_dg15,1,0,1,0
1288.0,verde_dg15,1,0,0,0
1289.0,verde_dg15,1,0,0,0
1290.0,verde_dg15,1,0,0,0
1291.0,verde_dg15,1,0,0,0
1292.0,verde_dg15,1,0,0,0
1293.0,verde_dg15,1,0,0,0
1294.0,verde_dg15,1,0,0,0
1295.0,verde_dg15,1,0,0,0
1296.0,verde_dg15,2,0,0,0
1297.0,verde_dg15,2,0,0,0
1298.0,verde_dg15,3,0,0,0
1299.0,verde_dg15,3,0,0,0
1300.0,verde_dg15,3,0,0,0
1301.0,amarillo_dg15,3,0,0,0
1302.0,amarillo_dg15,3,0,0,0
1303.0,amarillo_dg15,3,0,0,0
1304.0,todo_rojo,3,0,0,0
1305.0,todo_rojo,3,0,1,0
1306.0,verde_cra23,2,0,1,1
1307.0,verde_cra23,1,0,1,1
1308.0,verde_cra23,0,0,1,1
1309.0,verde_cra23,0,0,1,1
1310.0,verde_cra23,0,0,1,1
1311.0,verde_cra23,0,0,1,1
1312.0,verde_cra23,0,0,2,1
1313.0,verde_cra23,0,0,2,1
1314.0,verde_cra23,0,0,2,1
1315.0,verde_cra23,0,0,2,1
1316.0,verde_cra23,0,0,2,1
1317.0,verde_cra23,0,0,2,1
1318.0,verde_cra23,0,0,2,1
1319.0,verde_cra23,0,0,2,2
1320.0,verde_cra23,0,0,2,2
1321.0,verde_cra23,0,0,2,2
1322.0,verde_cra23,0,0,3,2
1323.0,verde_cra23,0,0,4,2
1324.0,verde_cra23,0,0,4,2
1325.0,verde_cra23,0,0,4,2
1326.0,amarillo_cra23,0,0,4,2
1327.0,amarillo_cra23,0,0,4,2
1328.0,amarillo_cra23,0,0,4,2
1329.0,todo_rojo,0,0,5,2
1330.0,todo_rojo,0,0,6,2
1331.0,verde_dg15,0,0,4,1
1332.0,verde_dg15,0,0,2,0
1333.0,verde_dg15,0,0,0,0
1334.0,verde_dg15,0,0,0,0
1335.0,verde_dg15,0,0,0,0
1336.0,verde_dg15,0,0,0,0
1337.0,verde_dg15,0,0,0,0
1338.0,verde_dg15,0,0,0,0
1339.0,verde_dg15,0,0,0,0
1340.0,verde_dg15,0,0,0,0
1341.0,verde_dg15,0,1,0,0
1342.0,verde_dg15,0,1,0,0
1343.0,verde_dg15,0,1,0,0
1344.0,verde_dg15,0,1,0,0
1345.0,verde_dg15,0,1,0,0
1346.0,verde_dg15,0,1,0,0
1347.0,verde_dg15,0,1,0,0
1348.0,verde_dg15,0,1,0,0
1349.0,verde_dg15,0,1,0,0
1350.0,verde_dg15,0,1,0,0
1351.0,amarillo_dg15,0,1,0,0
1352.0,amarillo_dg15,0,1,0,0
1353.0,amarillo_dg15,0,1,0,0
1354.0,todo_rojo,0,1,0,1
1355.0,todo_rojo,0,1,0,1
1356.0,verde_cra23,0,0,0,1
1357.0,verde_cra23,0,0,0,1
1358.0,verde_cra23,0,0,0,1
1359.0,verde_cra23,0,0,0,1
1360.0,verde_cra23,0,0,0,1
1361.0,verde_cra23,0,0,0,1
1362.0,verde_cra23,0,0,1,1
1363.0,verde_cra23,0,0,1,1
1364.0,verde_cra23,0,0,1,1
1365.0,verde_cra23,0,0,1,2
1366.0,verde_cra23,0,0,1,2
1367.0,verde_cra23,0,0,1,2
1368.0,verde_cra23,0,0,1,2
1369.0,verde_cra23,0,0,1,2
1370.0,verde_cra23,0,0,2,2
1371.0,verde_cra23,0,0,2,2
1372.0,verde_cra23,0,0,2,2
1373.0,verde_cra23,0,0,2,2
1374.0,verde_cra23,0,0,2,2
1375.0,verde_cra23,0,0,2,2
1376.0,amarillo_cra23,0,0,3,2
1377.0,amarillo_cra23,0,0,3,2
1378.0,amarillo_cra23,0,0,3,2
1379.0,todo_rojo,0,0,3,2
1380.0,todo_rojo,0,0,3,2
1381.0,verde_dg15,0,0,1,0
1382.0,verde_dg15,0,0,0,0
1383.0,verde_dg15,0,0,0,0
1384.0,verde_dg15,0,0,0,0
1385.0,verde_dg15,0,0,0,0
1386.0,verde_dg15,0,0,0,0
1387.0,verde_dg15,0,0,0,0
1388.0,verde_dg15,0,0,0,0
1389.0,verde_dg15,0,0,0,0
1390.0,verde_dg15,0,0,0,0
1391.0,verde_dg15,0,0,0,0
1392.0,verde_dg15,0,0,0,0
1393.0,verde_dg15,0,0,0,0
1394.0,verde_dg15,0,0,0,0
1395.0,verde_dg15,0,0,0,0
1396.0,verde_dg15,0,0,0,0
1397.0,verde_dg15,0,0,0,0
1398.0,verde_dg15,0,0,0,0
1399.0,verde_dg15,0,0,0,0
1400.0,verde_dg15,0,0,0,0
1401.0,amarillo_dg15,0,0,0,0
1402.0,amarillo_dg15,0,0,0,0
1403.0,amarillo_dg15,0,0,0,0
1404.0,todo_rojo,0,0,0,0
1405.0,todo_rojo,0,0,0,0
1406.0,verde_cra23,0,0,0,0
1407.0,verde_cra23,0,0,0,0
1408.0,verde_cra23,0,0,0,0
1409.0,verde_cra23,0,0,0,0
1410.0,verde_cra23,0,0,0,0
1411.0,verde_cra23,0,0,0,1
1412.0,verde_cra23,0,0,0,1
1413.0,verde_cra23,0,0,0,2
1414.0,verde_cra23,0,0,0,2
1415.0,verde_cra23,0,0,0,2
1416.0,verde_cra23,0,0,0,2
1417.0,verde_cra23,0,0,0,2
1418.0,verde_cra23,0,0,0,2
1419.0,verde_cra23,0,0,0,2
1420.0,verde_cra23,0,0,0,2
1421.0,verde_cra23,0,0,0,2
1422.0,verde_cra23,0,0,0,3
1423.0,verde_cra23,0,0,0,3
1424.0,verde_cra23,0,0,0,3
1425.0,verde_cra23,0,0,0,4
1426.0,amarillo_cra23,0,0,0,4
1427.0,amarillo_cra23,0,0,0,4
1428.0,amarillo_cra23,0,0,0,4
1429.0,todo_rojo,0,0,0,4
1430.0,todo_rojo,0,0,0,4
1431.0,verde_dg15,0,0,0,2
1432.0,verde_dg15,0,0,0,0
1433.0,verde_dg15,0,0,0,0
1434.0,verde_dg15,0,0,0,0
1435.0,verde_dg15,0,0,0,0
1436.0,verde_dg15,0,0,0,0
1437.0,verde_dg15,0,0,0,0
1438.0,verde_dg15,0,0,0,0
1439.0,verde_dg15,0,0,0,0
1440.0,verde_dg15,0,1,0,0
1441.0,verde_dg15,0,1,0,0
1442.0,verde_dg15,0,1,0,0
1443.0,verde_dg15,0,1,0,0
1444.0,verde_dg15,0,2,0,0
1445.0,verde_dg15,0,2,0,0
1446.0,verde_dg15,0,2,0,0
1447.0,verde_dg15,0,2,0,0
1448.0,verde_dg15,0,2,0,0
1449.0,verde_dg15,0,2,0,0
1450.0,verde_dg15,0,2,0,0
1451.0,amarillo_dg15,0,2,0,0
1452.0,amarillo_dg15,0,2,0,0
1453.0,amarillo_dg15,0,2,0,0
1454.0,todo_rojo,0,2,0,0
1455.0,todo_rojo,0,2,0,0
1456.0,verde_cra23,0,1,0,0
1457.0,verde_cra23,0,0,0,0
1458.0,verde_cra23,0,0,0,1
1459.0,verde_cra23,0,0,0,1
1460.0,verde_cra23,0,0,0,1
1461.0,verde_cra23,0,0,1,1
1462.0,verde_cra23,0,0,1,1
1463.0,verde_cra23,0,0,1,1
1464.0,verde_cra23,0,0,1,1
1465.0,verde_cra23,0,0,1,1
1466.0,verde_cra23,0,0,1,2
1467.0,verde_cra23,0,0,1,2
1468.0,verde_cra23,0,0,1,3
1469.0,verde_cra23,0,0,1,3
1470.0,verde_cra23,0,0,2,3
1471.0,verde_cra23,0,0,2,3
1472.0,verde_cra23,0,0,2,3
1473.0,verde_cra23,0,0,2,3
1474.0,verde_cra23,0,0,2,3
1475.0,verde_cra23,0,0,2,3
1476.0,amarillo_cra23,0,0,2,4
1477.0,amarillo_cra23,0,0,2,4
1478.0,amarillo_cra23,0,0,2,4
1479.0,todo_rojo,0,0,2,4
1480.0,todo_rojo,0,0,2,4
1481.0,verde_dg15,0,0,0,2
1482.0,verde_dg15,0,0,0,0
1483.0,verde_dg15,0,0,0,0
1484.0,verde_dg15,0,0,0,0
1485.0,verde_dg15,0,0,0,0
1486.0,verde_dg15,0,0,0,0
1487.0,verde_dg15,0,0,0,0
1488.0,verde_dg15,0,0,0,0
1489.0,verde_dg15,0,0,0,0
1490.0,verde_dg15,0,0,0,0
1491.0,verde_dg15,0,0,0,0
1492.0,verde_dg15,0,0,0,0
1493.0,verde_dg15,0,0,0,0
1494.0,verde_dg15,0,1,0,0
1495.0,verde_dg15,0,1,0,0
1496.0,verde_dg15,0,1,0,0
1497.0,verde_dg15,0,1,0,0
1498.0,verde_dg15,1,1,0,0
1499.0,verde_dg15,1,1,0,0
1500.0,verde_dg15,1,1,0,0
1501.0,amarillo_dg15,1,1,0,0
1502.0,amarillo_dg15,1,1,0,0
1503.0,amarillo_dg15,1,1,0,0
1504.0,todo_rojo,1,1,0,0
1505.0,todo_rojo,1,1,0,0
1506.0,verde_cra23,0,0,0,0
1507.0,verde_cra23,0,0,0,0
1508.0,verde_cra23,0,0,0,0
1509.0,verde_cra23,0,0,0,1
1510.0,verde_cra23,0,0,0,1
1511.0,verde_cra23,0,0,0,1
1512.0,verde_cra23,0,0,0,1
1513.0,verde_cra23,0,0,0,1
1514.0,verde_cra23,0,0,0,2
1515.0,verde_cra23,0,0,0,2
1516.0,verde_cra23,0,0,0,2
1517.0,verde_cra23,0,0,0,2
1518.0,verde_cra23,0,0,0,2
1519.0,verde_cra23,0,0,0,2
1520.0,verde_cra23,0,0,0,2
1521.0,verde_cra23,0,0,0,3
1522.0,verde_cra23,0,0,0,4
1523.0,verde_cra23,0,0,0,4
1524.0,verde_cra23,0,0,0,4
1525.0,verde_cra23,0,0,0,4
1526.0,amarillo_cra23,0,0,0,4
1527.0,amarillo_cra23,0,0,0,4
1528.0,amarillo_cra23,0,0,0,4
1529.0,todo_rojo,0,0,0,4
1530.0,todo_rojo,0,0,0,4
1531.0,verde_dg15,0,0,0,2
1532.0,verde_dg15,0,0,0,0
1533.0,verde_dg15,0,0,0,0
1534.0,verde_dg15,0,1,0,0
1535.0,verde_dg15,0,1,0,0
1536.0,verde_dg15,0,1,0,0
1537.0,verde_dg15,0,1,0,0
1538.0,verde_dg15,0,1,0,0
1539.0,verde_dg15,1,1,0,0
1540.0,verde_dg15,1,1,0,0
1541.0,verde_dg15,1,1,0,0
1542.0,verde_dg15,1,1,0,0
1543.0,verde_dg15,1,2,0,0
1544.0,verde_dg15,1,2,0,0
1545.0,verde_dg15,1,2,0,0
1546.0,verde_dg15,1,2,0,0
1547.0,verde_dg15,1,2,0,0
1548.0,verde_dg15,1,3,0,0
1549.0,verde_dg15,1,3,0,0
1550.0,verde_dg15,1,3,0,0
1551.0,amarillo_dg15,1,3,0,0
1552.0,amarillo_dg15,1,4,0,0
1553.0,amarillo_dg15,1,3,0,0
1554.0,todo_rojo,1,3,0,0
1555.0,todo_rojo,1,3,0,0
1556.0,verde_cra23,0,1,0,0
1557.0,verde_cra23,0,0,0,0
1558.0,verde_cra23,0,1,0,0
1559.0,verde_cra23,0,1,0,0
1560.0,verde_cra23,0,2,0,0
1561.0,verde_cra23,0,2,0,0
1562.0,verde_cra23,0,1,0,0
1563.0,verde_cra23,0,1,0,0
1564.0,verde_cra23,0,1,0,0
1565.0,verde_cra23,0,1,0,1
1566.0,verde_cra23,0,0,1,2
1567.0,verde_cra23,0,0,1,2
1568.0,verde_cra23,0,0,2,2
1569.0,verde_cra23,0,0,2,2
1570.0,verde_cra23,0,0,2,2
1571.0,verde_cra23,0,0,2,2
1572.0,verde_cra23,0,0,2,2
1573.0,verde_cra23,0,0,2,2
1574.0,verde_cra23,0,0,2,2
1575.0,verde_cra23,0,0,2,2
1576.0,amarillo_cra23,0,0,2,2
1577.0,amarillo_cra23,0,0,2,3
1578.0,amarillo_cra23,0,0,2,4
1579.0,todo_rojo,0,0,2,4
1580.0,todo_rojo,1,1,3,5
1581.0,verde_dg15,1,1,1,3
1582.0,verde_dg15,1,1,0,1
1583.0,verde_dg15,1,1,0,0
1584.0,verde_dg15,1,1,0,0
1585.0,verde_dg15,1,1,0,0
1586.0,verde_dg15,1,1,0,0
1587.0,verde_dg15,2,2,0,0
1588.0,verde_dg15,2,2,0,0
1589.0,verde_dg15,2,2,0,0
1590.0,verde_dg15,2,2,0,0
1591.0,amarillo_dg15,2,2,0,0
1592.0,amarillo_dg15,2,2,0,0
1593.0,amarillo_dg15,2,2,0,0
1594.0,todo_rojo,3,2,0,0
1595.0,todo_rojo,3,3,0,0
1596.0,verde_cra23,2,1,0,1
1597.0,verde_cra23,1,0,0,1
1598.0,verde_cra23,0,0,0,1
1599.0,verde_cra23,0,0,0,1
1600.0,verde_cra23,0,0,0,1
1601.0,verde_cra23,0,1,0,1
1602.0,verde_cra23,0,0,0,1
1603.0,verde_cra23,0,0,0,1
1604.0,verde_cra23,0,0,0,1
1605.0,verde_cra23,0,0,0,1
1606.0,verde_cra23,0,0,1,1
1607.0,verde_cra23,0,0,1,1
1608.0,verde_cra23,0,0,1,1
1609.0,verde_cra23,0,0,1,1
1610.0,verde_cra23,0,0,1,1
1611.0,verde_cra23,0,0,1,1
1612.0,verde_cra23,0,0,1,1
1613.0,verde_cra23,0,0,1,1
1614.0,verde_cra23,0,0,2,1
1615.0,verde_cra23,0,0,2,1
1616.0,amarillo_cra23,0,0,2,1
1617.0,amarillo_cra23,0,0,2,1
1618.0,amarillo_cra23,0,0,2,1
1619.0,todo_rojo,0,0,2,1
1620.0,todo_rojo,0,0,2,1
1621.0,verde_dg15,0,0,0,0
1622.0,verde_dg15,0,0,0,0
1623.0,verde_dg15,0,0,0,0
1624.0,verde_dg15,0,0,0,0
1625.0,verde_dg15,0,0,0,0
1626.0,verde_dg15,0,0,0,0
1627.0,verde_dg15,0,0,0,0
1628.0,verde_dg15,0,0,0,0
1629.0,verde_dg15,0,0,0,0
1630.0,verde_dg15,0,0,0,0
1631.0,verde_dg15,0,0,0,0
1632.0,verde_dg15,0,0,0,0
1633.0,verde_dg15,0,0,0,0
1634.0,verde_dg15,0,0,0,0
1635.0,verde_dg15,0,0,0,0
1636.0,verde_dg15,0,0,0,0
1637.0,verde_dg15,0,0,0,0
1638.0,verde_dg15,0,1,0,0
1639.0,verde_dg15,0,1,0,0
1640.0,verde_dg15,0,1,0,0
1641.0,amarillo_dg15,0,1,0,0
1642.0,amarillo_dg15,0,1,0,0
1643.0,amarillo_dg15,0,1,0,0
1644.0,todo_rojo,0,1,0,0
1645.0,todo_rojo,0,1,0,0
1646.0,verde_cra23,0,0,0,0
1647.0,verde_cra23,0,0,0,0
1648.0,verde_cra23,0,0,1,0
1649.0,verde_cra23,0,0,1,0
1650.0,verde_cra23,0,0,1,1
1651.0,verde_cra23,0,0,1,1
1652.0,verde_cra23,0,0,1,1
1653.0,verde_cra23,0,0,1,1
1654.0,verde_cra23,0,0,1,1
1655.0,verde_cra23,0,0,3,2
1656.0,verde_cra23,0,0,3,2
1657.0,verde_cra23,0,0,3,2
1658.0,verde_cra23,0,0,3,2
1659.0,verde_cra23,0,0,3,2
1660.0,verde_cra23,0,0,3,2
1661.0,verde_cra23,0,0,3,2
1662.0,verde_cra23,0,0,3,2
1663.0,verde_cra23,0,0,3,2
1664.0,verde_cra23,0,0,3,2
1665.0,verde_cra23,0,0,4,2
1666.0,amarillo_cra23,0,0,4,2
1667.0,amarillo_cra23,0,0,4,3
1668.0,amarillo_cra23,0,0,4,3
1669.0,todo_rojo,0,0,4,4
1670.0,todo_rojo,0,0,4,4
1671.0,verde_dg15,0,0,2,3
1672.0,verde_dg15,0,0,0,2
1673.0,verde_dg15,0,0,0,1
1674.0,verde_dg15,0,0,0,0
1675.0,verde_dg15,0,0,0,0
1676.0,verde_dg15,0,0,0,0
1677.0,verde_dg15,0,0,0,0
1678.0,verde_dg15,0,0,0,0
1679.0,verde_dg15,1,0,0,0
1680.0,verde_dg15,1,0,0,0
1681.0,verde_dg15,1,0,0,0
1682.0,verde_dg15,1,0,0,0
1683.0,verde_dg15,1,0,0,0
1684.0,verde_dg15,1,0,0,0
1685.0,verde_dg15,1,1,0,0
1686.0,verde_dg15,1,1,0,0
1687.0,verde_dg15,1,1,0,0
1688.0,verde_dg15,1,1,0,0
1689.0,verde_dg15,1,1,0,0
1690.0,verde_dg15,1,1,0,0
1691.0,amarillo_dg15,1,1,0,0
1692.0,amarillo_dg15,1,2,0,0
1693.0,amarillo_dg15,1,2,0,0
1694.0,todo_rojo,1,2,0,0
1695.0,todo_rojo,1,2,0,0
1696.0,verde_cra23,0,0,0,0
1697.0,verde_cra23,0,0,0,0
1698.0,verde_cra23,0,1,0,0
1699.0,verde_cra23,0,1,0,0
1700.0,verde_cra23,0,1,0,0
1701.0,verde_cra23,0,1,1,0
1702.0,verde_cra23,0,1,1,0
1703.0,verde_cra23,0,1,1,0
1704.0,verde_cra23,0,0,1,0
1705.0,verde_cra23,0,0,1,0
1706.0,verde_cra23,0,0,1,0
1707.0,verde_cra23,0,0,1,0
1708.0,verde_cra23,0,0,1,0
1709.0,verde_cra23,0,0,1,0
1710.0,verde_cra23,0,0,1,0
1711.0,verde_cra23,0,0,1,0
1712.0,verde_cra23,0,0,1,0
1713.0,verde_cra23,0,0,1,0
1714.0,verde_cra23,0,0,1,0
1715.0,verde_cra23,0,0,1,0
1716.0,amarillo_cra23,0,0,1,1
1717.0,amarillo_cra23,0,0,1,1
1718.0,amarillo_cra23,0,0,2,1
1719.0,todo_rojo,0,0,2,1
1720.0,todo_rojo,1,0,2,1
1721.0,verde_dg15,1,0,0,0
1722.0,verde_dg15,1,0,0,0
1723.0,verde_dg15,1,0,0,0
1724.0,verde_dg15,1,0,0,0
1725.0,verde_dg15,2,0,0,0
1726.0,verde_dg15,2,0,0,0
1727.0,verde_dg15,2,0,0,0
1728.0,verde_dg15,2,1,0,0
1729.0,verde_dg15,2,1,0,0
1730.0,verde_dg15,2,1,0,0
1731.0,amarillo_dg15,2,1,0,0
1732.0,amarillo_dg15,2,1,0,0
1733.0,amarillo_dg15,2,1,0,0
1734.0,todo_rojo,2,1,0,0
1735.0,todo_rojo,3,1,0,0
1736.0,verde_cra23,2,0,1,0
1737.0,verde_cra23,1,0,1,0
1738.0,verde_cra23,0,1,1,1
1739.0,verde_cra23,0,1,1,1
1740.0,verde_cra23,0,1,1,1
1741.0,verde_cra23,0,0,2,1
1742.0,verde_cra23,0,0,2,1
1743.0,verde_cra23,0,0,2,1
1744.0,verde_cra23,0,0,2,1
1745.0,verde_cra23,0,0,2,1
1746.0,verde_cra23,0,0,2,1
1747.0,verde_cra23,0,0,2,1
1748.0,verde_cra23,0,0,3,1
1749.0,verde_cra23,0,0,3,1
1750.0,verde_cra23,0,0,3,1
1751.0,verde_cra23,0,0,3,1
1752.0,verde_cra23,0,0,3,2
1753.0,verde_cra23,0,0,3,2
1754.0,verde_cra23,0,0,3,2
1755.0,verde_cra23,0,0,3,3
1756.0,amarillo_cra23,0,0,3,3
1757.0,amarillo_cra23,0,0,3,3
1758.0,amarillo_cra23,0,0,3,3
1759.0,todo_rojo,0,0,3,3
1760.0,todo_rojo,0,0,3,3
1761.0,verde_dg15,0,0,1,1
1762.0,verde_dg15,0,0,0,0
1763.0,verde_dg15,0,0,0,0
1764.0,verde_dg15,0,0,0,0
1765.0,verde_dg15,1,0,0,0
1766.0,verde_dg15,1,0,0,0
1767.0,verde_dg15,1,0,0,0
1768.0,verde_dg15,1,0,0,0
1769.0,verde_dg15,1,0,0,0
1770.0,verde_dg15,2,1,0,0
1771.0,amarillo_dg15,2,1,0,0
1772.0,amarillo_dg15,2,1,0,0
1773.0,amarillo_dg15,2,1,0,0
1774.0,todo_rojo,2,1,0,0
1775.0,todo_rojo,2,1,0,0
1776.0,verde_cra23,1,0,0,0
1777.0,verde_cra23,0,0,0,0
1778.0,verde_cra23,0,0,0,0
1779.0,verde_cra23,0,0,0,1
1780.0,verde_cra23,0,0,1,1
1781.0,verde_cra23,0,0,1,1
1782.0,verde_cra23,0,0,1,1
1783.0,verde_cra23,0,0,1,1
1784.0,verde_cra23,0,0,1,1
1785.0,verde_cra23,0,0,1,1
1786.0,verde_cra23,0,0,1,1
1787.0,verde_cra23,0,0,1,2
1788.0,verde_cra23,0,0,1,2
1789.0,verde_cra23,0,0,1,2
1790.0,verde_cra23,0,0,1,2
1791.0,verde_cra23,0,0,1,2
1792.0,verde_cra23,0,0,1,2
1793.0,verde_cra23,0,0,1,2
1794.0,verde_cra23,0,0,1,2
1795.0,verde_cra23,0,0,1,2
1796.0,amarillo_cra23,0,0,1,2
1797.0,amarillo_cra23,0,0,1,2
1798.0,amarillo_cra23,0,0,1,2
1799.0,todo_rojo,0,0,2,2
1800.0,todo_rojo,1,0,2,2
1801.0,verde_dg15,1,0,0,0
1802.0,verde_dg15,1,1,0,0
1803.0,verde_dg15,2,1,0,0
1804.0,verde_dg15,2,1,0,0
1805.0,verde_dg15,2,1,0,0
1806.0,verde_dg15,2,2,0,0
1807.0,verde_dg15,2,2,0,0
1808.0,verde_dg15,2,2,0,0
1809.0,verde_dg15,2,2,0,0
1810.0,verde_dg15,2,2,0,0
1811.0,amarillo_dg15,2,2,0,0
1812.0,amarillo_dg15,2,2,0,0
1813.0,amarillo_dg15,2,2,0,0
1814.0,todo_rojo,2,2,0,0
1815.0,todo_rojo,2,2,0,0
1816.0,verde_cra23,1,1,0,0
1817.0,verde_cra23,0,0,0,0
1818.0,verde_cra23,0,0,0,0
1819.0,verde_cra23,0,0,0,0
1820.0,verde_cra23,0,0,0,0
1821.0,verde_cra23,0,0,0,0
1822.0,verde_cra23,0,0,0,0
1823.0,verde_cra23,0,0,0,0
1824.0,verde_cra23,0,0,0,0
1825.0,verde_cra23,0,0,0,0
1826.0,verde_cra23,0,0,1,0
1827.0,verde_cra23,0,0,1,0
1828.0,verde_cra23,0,0,1,0
1829.0,verde_cra23,0,0,1,0
1830.0,verde_cra23,0,0,1,0
1831.0,verde_cra23,0,0,1,0
1832.0,verde_cra23,0,0,1,0
1833.0,verde_cra23,0,0,1,0
1834.0,verde_cra23,0,0,1,0
1835.0,verde_cra23,0,0,2,0
1836.0,amarillo_cra23,0,0,2,0
1837.0,amarillo_cra23,0,0,2,0
1838.0,amarillo_cra23,0,0,2,0
1839.0,todo_rojo,0,0,2,0
1840.0,todo_rojo,0,0,2,0
1841.0,verde_dg15,0,0,0,0
1842.0,verde_dg15,0,0,0,0
1843.0,verde_dg15,0,0,0,0
1844.0,verde_dg15,0,0,0,0
1845.0,verde_dg15,0,0,0,0
1846.0,verde_dg15,0,0,0,0
1847.0,verde_dg15,0,0,0,0
1848.0,verde_dg15,0,0,0,0
1849.0,verde_dg15,0,0,0,0
1850.0,verde_dg15,0,0,0,0
1851.0,verde_dg15,0,1,0,0
1852.0,verde_dg15,0,1,0,0
1853.0,verde_dg15,0,1,0,0
1854.0,verde_dg15,0,1,0,0
1855.0,verde_dg15,0,1,0,0
1856.0,verde_dg15,0,1,0,0
1857.0,verde_dg15,0,1,0,0
1858.0,verde_dg15,0,1,0,0
1859.0,verde_dg15,0,1,0,0
1860.0,verde_dg15,0,1,0,0
1861.0,amarillo_dg15,0,1,0,0
1862.0,amarillo_dg15,0,1,0,0
1863.0,amarillo_dg15,0,1,0,0
1864.0,todo_rojo,0,1,0,0
1865.0,todo_rojo,0,1,0,0
1866.0,verde_cra23,0,0,0,0
1867.0,verde_cra23,0,0,0,0
1868.0,verde_cra23,0,0,0,0
1869.0,verde_cra23,0,0,0,0
1870.0,verde_cra23,0,0,0,0
1871.0,verde_cra23,0,0,0,0
1872.0,verde_cra23,0,0,0,0
1873.0,verde_cra23,0,0,0,0
1874.0,verde_cra23,0,0,0,0
1875.0,verde_cra23,0,0,0,0
1876.0,verde_cra23,0,0,0,0
1877.0,verde_cra23,0,0,0,0
1878.0,verde_cra23,0,0,0,0
1879.0,verde_cra23,0,0,0,0
1880.0,verde_cra23,0,0,0,0
1881.0,verde_cra23,0,0,0,0
1882.0,verde_cra23,0,0,0,0
1883.0,verde_cra23,0,0,0,1
1884.0,verde_cra23,0,0,0,1
1885.0,verde_cra23,0,0,0,1
1886.0,amarillo_cra23,0,0,0,1
1887.0,amarillo_cra23,0,0,0,1
1888.0,amarillo_cra23,0,0,0,1
1889.0,todo_rojo,0,0,0,1
1890.0,todo_rojo,0,0,0,1
1891.0,verde_dg15,1,0,0,0
1892.0,verde_dg15,1,0,0,0
1893.0,verde_dg15,1,0,0,0
1894.0,verde_dg15,2,0,0,0
1895.0,verde_dg15,2,0,0,0
1896.0,verde_dg15,2,1,0,0
1897.0,verde_dg15,2,1,0,0
1898.0,verde_dg15,2,1,0,0
1899.0,verde_dg15,2,1,0,0
1900.0,verde_dg15,2,1,0,0
1901.0,amarillo_dg15,2,1,0,0
1902.0,amarillo_dg15,2,1,0,0
1903.0,amarillo_dg15,2,1,1,0
1904.0,todo_rojo,2,1,1,0
1905.0,todo_rojo,2,1,1,0
1906.0,verde_cra23,1,0,1,0
1907.0,verde_cra23,0,0,1,1
1908.0,verde_cra23,0,0,1,1
1909.0,verde_cra23,0,0,1,1
1910.0,verde_cra23,0,0,1,1
1911.0,verde_cra23,0,0,1,2
1912.0,verde_cra23,0,0,1,2
1913.0,verde_cra23,0,0,1,2
1914.0,verde_cra23,0,0,1,2
1915.0,verde_cra23,0,0,1,2
1916.0,verde_cra23,0,0,1,3
1917.0,verde_cra23,0,0,1,3
1918.0,verde_cra23,0,0,1,3
1919.0,verde_cra23,0,0,1,3
1920.0,verde_cra23,0,0,1,3
1921.0,verde_cra23,0,0,2,3
1922.0,verde_cra23,0,0,2,3
1923.0,verde_cra23,0,0,2,3
1924.0,verde_cra23,0,0,2,3
1925.0,verde_cra23,0,0,2,4
1926.0,amarillo_cra23,0,0,2,4
1927.0,amarillo_cra23,0,0,2,4
1928.0,amarillo_cra23,0,0,3,5
1929.0,todo_rojo,0,0,3,5
1930.0,todo_rojo,1,0,3,6
1931.0,verde_dg15,1,0,1,4
1932.0,verde_dg15,1,0,0,2
1933.0,verde_dg15,1,0,0,1
1934.0,verde_dg15,1,0,0,0
1935.0,verde_dg15,1,0,0,0
1936.0,verde_dg15,1,0,0,0
1937.0,verde_dg15,1,0,0,0
1938.0,verde_dg15,1,0,0,0
1939.0,verde_dg15,1,0,0,0
1940.0,verde_dg15,1,0,0,0
1941.0,verde_dg15,1,0,0,0
1942.0,verde_dg15,1,0,0,0
1943.0,verde_dg15,1,0,0,0
1944.0,verde_dg15,1,0,0,0
1945.0,verde_dg15,2,0,0,0
1946.0,amarillo_dg15,2,1,0,0
1947.0,amarillo_dg15,2,1,0,0
1948.0,amarillo_dg15,2,1,0,0
1949.0,todo_rojo,2,1,0,0
1950.0,todo_rojo,2,1,0,0
1951.0,verde_cra23,1,0,0,0
1952.0,verde_cra23,0,0,0,0
1953.0,verde_cra23,0,0,0,0
1954.0,verde_cra23,0,0,0,0
1955.0,verde_cra23,0,0,0,0
1956.0,verde_cra23,0,0,0,0
1957.0,verde_cra23,0,0,0,0
1958.0,verde_cra23,0,0,0,0
1959.0,verde_cra23,0,0,0,0
1960.0,verde_cra23,0,0,0,0
1961.0,verde_cra23,0,0,0,0
1962.0,verde_cra23,0,0,0,0
1963.0,verde_cra23,0,0,0,1
1964.0,verde_cra23,0,0,0,1
1965.0,verde_cra23,0,0,1,1
1966.0,verde_cra23,0,0,1,1
1967.0,verde_cra23,0,0,1,1
1968.0,verde_cra23,0,0,1,1
1969.0,verde_cra23,0,0,2,1
1970.0,verde_cra23,0,0,2,1
1971.0,amarillo_cra23,0,0,2,1
1972.0,amarillo_cra23,0,0,2,1
1973.0,amarillo_cra23,0,0,2,1
1974.0,todo_rojo,0,0,2,1
1975.0,todo_rojo,0,0,2,1
1976.0,verde_dg15,0,0,0,0
1977.0,verde_dg15,0,0,0,0
1978.0,verde_dg15,0,0,0,0
1979.0,verde_dg15,1,1,0,0
1980.0,verde_dg15,1,2,0,0
1981.0,verde_dg15,1,3,0,0
1982.0,verde_dg15,1,3,0,0
1983.0,verde_dg15,1,3,0,0
1984.0,verde_dg15,2,3,0,0
1985.0,verde_dg15,2,3,0,0
1986.0,amarillo_dg15,2,4,0,0
1987.0,amarillo_dg15,2,4,0,0
1988.0,amarillo_dg15,2,4,0,0
1989.0,todo_rojo,2,4,0,0
1990.0,todo_rojo,2,4,0,0
1991.0,verde_cra23,2,2,0,0
1992.0,verde_cra23,1,0,0,0
1993.0,verde_cra23,0,0,0,0
1994.0,verde_cra23,0,0,0,0
1995.0,verde_cra23,0,0,1,0
1996.0,verde_cra23,0,0,1,0
1997.0,verde_cra23,0,0,1,0
1998.0,verde_cra23,0,0,1,0
1999.0,verde_cra23,0,0,1,0
2000.0,verde_cra23,0,0,1,0
2001.0,verde_cra23,0,0,1,1
2002.0,verde_cra23,0,0,1,1
2003.0,verde_cra23,0,0,1,1
2004.0,verde_cra23,0,0,1,1
2005.0,verde_cra23,0,0,1,1
2006.0,verde_cra23,0,0,1,1
2007.0,verde_cra23,0,0,1,1
2008.0,verde_cra23,0,0,2,1
2009.0,verde_cra23,0,0,2,1
2010.0,verde_cra23,0,0,2,1
2011.0,amarillo_cra23,0,0,2,1
2012.0,amarillo_cra23,0,0,2,1
2013.0,amarillo_cra23,0,0,2,1
2014.0,todo_rojo,0,0,2,1
2015.0,todo_rojo,0,0,2,1
2016.0,verde_dg15,0,0,0,0
2017.0,verde_dg15,0,0,0,0
2018.0,verde_dg15,1,0,0,0
2019.0,verde_dg15,1,0,0,0
2020.0,verde_dg15,1,0,0,0
2021.0,verde_dg15,1,0,0,0
2022.0,verde_dg15,1,0,0,0
2023.0,verde_dg15,2,0,0,0
2024.0,verde_dg15,2,0,0,0
2025.0,verde_dg15,2,0,0,0
2026.0,amarillo_dg15,2,1,0,0
2027.0,amarillo_dg15,2,2,0,0
2028.0,amarillo_dg15,2,2,0,0
2029.0,todo_rojo,2,2,0,0
2030.0,todo_rojo,2,2,0,0
2031.0,verde_cra23,1,1,0,0
2032.0,verde_cra23,0,0,0,0
2033.0,verde_cra23,0,0,0,1
2034.0,verde_cra23,0,0,0,1
2035.0,verde_cra23,0,0,0,1
2036.0,verde_cra23,0,1,0,2
2037.0,verde_cra23,0,1,0,2
2038.0,verde_cra23,0,1,0,2
2039.0,verde_cra23,0,1,0,2
2040.0,verde_cra23,0,1,1,3
2041.0,verde_cra23,0,1,1,3
2042.0,verde_cra23,0,1,1,3
2043.0,verde_cra23,0,1,1,3
2044.0,verde_cra23,0,0,1,3
2045.0,verde_cra23,0,0,1,3
2046.0,verde_cra23,0,0,1,3
2047.0,verde_cra23,0,0,1,3
2048.0,verde_cra23,0,0,1,3
2049.0,verde_cra23,0,0,2,3
2050.0,verde_cra23,0,0,2,3
2051.0,amarillo_cra23,0,0,3,3
2052.0,amarillo_cra23,0,0,3,3
2053.0,amarillo_cra23,0,0,3,3
2054.0,todo_rojo,0,0,3,3
2055.0,todo_rojo,0,0,3,3
2056.0,verde_dg15,0,0,1,1
2057.0,verde_dg15,0,0,0,0
2058.0,verde_dg15,0,0,0,0
2059.0,verde_dg15,0,0,0,0
2060.0,verde_dg15,0,0,0,0
2061.0,verde_dg15,0,0,0,0
2062.0,verde_dg15,0,0,0,0
2063.0,verde_dg15,0,0,0,0
2064.0,verde_dg15,0,0,0,0
2065.0,verde_dg15,0,0,0,0
2066.0,verde_dg15,0,0,0,0
2067.0,verde_dg15,0,0,0,0
2068.0,verde_dg15,0,0,0,0
2069.0,verde_dg15,0,0,0,0
2070.0,verde_dg15,0,0,0,0
2071.0,verde_dg15,0,0,0,0
2072.0,verde_dg15,0,0,0,0
2073.0,verde_dg15,0,0,0,0
2074.0,verde_dg15,0,0,0,0
2075.0,verde_dg15,0,0,0,0
2076.0,amarillo_dg15,0,0,0,0
2077.0,amarillo_dg15,0,0,0,0
2078.0,amarillo_dg15,0,1,0,0
2079.0,todo_rojo,0,1,0,0
2080.0,todo_rojo,0,1,0,0
2081.0,verde_cra23,0,0,0,0
2082.0,verde_cra23,0,0,0,0
2083.0,verde_cra23,0,0,0,0
2084.0,verde_cra23,0,0,0,0
2085.0,verde_cra23,0,0,0,0
2086.0,verde_cra23,0,0,0,0
2087.0,verde_cra23,0,0,0,0
2088.0,verde_cra23,0,0,0,0
2089.0,verde_cra23,0,0,0,0
2090.0,verde_cra23,0,0,0,0
2091.0,verde_cra23,0,0,0,0
2092.0,verde_cra23,0,0,0,0
2093.0,verde_cra23,0,0,0,0
2094.0,verde_cra23,0,0,0,0
2095.0,verde_cra23,0,0,0,0
2096.0,verde_cra23,0,0,1,0
2097.0,verde_cra23,0,0,1,0
2098.0,verde_cra23,0,0,1,0
2099.0,verde_cra23,0,0,1,0
2100.0,verde_cra23,0,0,1,0
2101.0,amarillo_cra23,0,0,1,0
2102.0,amarillo_cra23,0,0,1,1
2103.0,amarillo_cra23,0,0,1,1
2104.0,todo_rojo,0,0,1,1
2105.0,todo_rojo,0,0,1,1
2106.0,verde_dg15,0,0,0,0
2107.0,verde_dg15,0,1,0,0
2108.0,verde_dg15,0,1,0,0
2109.0,verde_dg15,0,1,0,0
2110.0,verde_dg15,0,1,0,0
2111.0,verde_dg15,0,1,0,0
2112.0,verde_dg15,0,1,0,0
2113.0,verde_dg15,0,2,0,0
2114.0,verde_dg15,0,2,0,0
2115.0,verde_dg15,0,2,0,0
2116.0,verde_dg15,0,2,0,0
2117.0,verde_dg15,0,2,0,0
2118.0,verde_dg15,0,2,0,0
2119.0,verde_dg15,0,2,0,0
2120.0,verde_dg15,0,3,0,0
2121.0,verde_dg15,0,3,0,0
2122.0,verde_dg15,0,3,0,0
2123.0,verde_dg15,0,3,0,0
2124.0,verde_dg15,0,3,0,0
2125.0,verde_dg15,0,3,0,0
2126.0,amarillo_dg15,1,3,0,0
2127.0,amarillo_dg15,1,3,0,0
2128.0,amarillo_dg15,1,3,0,0
2129.0,todo_rojo,1,3,0,0
2130.0,todo_rojo,1,3,0,0
2131.0,verde_cra23,1,1,0,0
2132.0,verde_cra23,0,0,0,0
2133.0,verde_cra23,0,0,0,0
2134.0,verde_cra23,0,1,0,0
2135.0,verde_cra23,0,1,0,0
2136.0,verde_cra23,0,0,0,0
2137.0,verde_cra23,0,0,0,0
2138.0,verde_cra23,0,0,0,0
2139.0,verde_cra23,0,0,0,0
2140.0,verde_cra23,0,0,0,0
2141.0,verde_cra23,0,0,1,1
2142.0,verde_cra23,0,0,1,1
2143.0,verde_cra23,0,0,2,2
2144.0,verde_cra23,0,0,2,3
2145.0,verde_cra23,0,0,2,3
2146.0,verde_cra23,0,0,2,3
2147.0,verde_cra23,0,0,2,3
2148.0,verde_cra23,0,0,2,3
2149.0,verde_cra23,0,0,2,3
2150.0,verde_cra23,0,0,2,4
2151.0,amarillo_cra23,0,0,2,4
2152.0,amarillo_cra23,0,0,2,5
2153.0,amarillo_cra23,0,0,2,5
2154.0,todo_rojo,0,0,2,5
2155.0,todo_rojo,0,0,2,5
2156.0,verde_dg15,0,0,0,3
2157.0,verde_dg15,0,0,0,1
2158.0,verde_dg15,0,0,0,0
2159.0,verde_dg15,0,0,0,0
2160.0,verde_dg15,0,0,0,0
2161.0,verde_dg15,0,0,0,0
2162.0,verde_dg15,0,0,0,0
2163.0,verde_dg15,0,0,0,0
2164.0,verde_dg15,0,0,0,0
2165.0,verde_dg15,0,0,0,0
2166.0,verde_dg15,0,0,0,0
2167.0,verde_dg15,0,0,0,0
2168.0,verde_dg15,0,0,0,0
2169.0,verde_dg15,1,0,0,0
2170.0,verde_dg15,2,0,0,0
2171.0,amarillo_dg15,2,0,0,0
2172.0,amarillo_dg15,2,0,0,0
2173.0,amarillo_dg15,2,0,0,0
2174.0,todo_rojo,2,0,0,0
2175.0,todo_rojo,2,0,0,0
2176.0,verde_cra23,1,0,0,0
2177.0,verde_cra23,0,0,0,0
2178.0,verde_cra23,0,0,0,0
2179.0,verde_cra23,0,0,1,0
2180.0,verde_cra23,0,0,1,0
2181.0,verde_cra23,0,0,2,0
2182.0,verde_cra23,0,0,2,0
2183.0,verde_cra23,0,0,2,0
2184.0,verde_cra23,0,0,2,0
2185.0,verde_cra23,0,0,2,0
2186.0,verde_cra23,0,0,3,0
2187.0,verde_cra23,0,0,3,0
2188.0,verde_cra23,0,0,3,2
2189.0,verde_cra23,0,0,3,2
2190.0,verde_cra23,0,0,3,2
2191.0,verde_cra23,0,0,4,2
2192.0,verde_cra23,0,0,4,2
2193.0,verde_cra23,0,0,5,2
2194.0,verde_cra23,0,0,5,2
2195.0,verde_cra23,0,0,5,2
2196.0,amarillo_cra23,0,0,5,2
2197.0,amarillo_cra23,0,0,5,2
2198.0,amarillo_cra23,0,0,6,2
2199.0,todo_rojo,0,0,6,2
2200.0,todo_rojo,0,0,6,2
2201.0,verde_dg15,0,0,4,0
2202.0,verde_dg15,0,0,2,0
2203.0,verde_dg15,0,0,0,0
2204.0,verde_dg15,0,0,0,0
2205.0,verde_dg15,0,0,0,0
2206.0,verde_dg15,0,0,0,0
2207.0,verde_dg15,0,0,0,0
2208.0,verde_dg15,0,0,0,0
2209.0,verde_dg15,0,0,0,0
2210.0,verde_dg15,0,1,0,0
2211.0,verde_dg15,0,1,0,0
2212.0,verde_dg15,0,1,0,0
2213.0,verde_dg15,0,2,0,0
2214.0,verde_dg15,0,2,0,0
2215.0,verde_dg15,0,2,0,0
2216.0,verde_dg15,0,2,0,0
2217.0,verde_dg15,0,2,0,0
2218.0,verde_dg15,0,2,0,0
2219.0,verde_dg15,0,2,0,0
2220.0,verde_dg15,0,3,0,0
2221.0,amarillo_dg15,1,3,0,0
2222.0,amarillo_dg15,1,3,1,0
2223.0,amarillo_dg15,1,3,1,0
2224.0,todo_rojo,1,3,1,0
2225.0,todo_rojo,1,3,1,0
2226.0,verde_cra23,0,1,1,0
2227.0,verde_cra23,0,1,1,0
2228.0,verde_cra23,0,1,1,0
2229.0,verde_cra23,0,1,1,0
2230.0,verde_cra23,0,1,1,0
2231.0,verde_cra23,0,1,1,0
2232.0,verde_cra23,0,0,1,0
2233.0,verde_cra23,0,0,1,0
2234.0,verde_cra23,0,0,1,0
2235.0,verde_cra23,0,0,2,0
2236.0,verde_cra23,0,0,2,0
2237.0,verde_cra23,0,0,2,0
2238.0,verde_cra23,0,0,2,1
2239.0,verde_cra23,0,0,2,1
2240.0,verde_cra23,0,0,3,1
2241.0,verde_cra23,0,0,3,1
2242.0,verde_cra23,0,0,3,1
2243.0,verde_cra23,0,0,3,1
2244.0,verde_cra23,0,0,3,1
2245.0,verde_cra23,0,0,4,1
2246.0,amarillo_cra23,0,0,4,1
2247.0,amarillo_cra23,0,0,5,1
2248.0,amarillo_cra23,0,0,5,1
2249.0,todo_rojo,0,0,5,1
2250.0,todo_rojo,0,0,5,1
2251.0,verde_dg15,0,0,3,0
2252.0,verde_dg15,0,0,2,0
2253.0,verde_dg15,0,0,1,0
2254.0,verde_dg15,0,0,0,0
2255.0,verde_dg15,0,0,0,0
2256.0,verde_dg15,0,0,0,0
2257.0,verde_dg15,0,0,0,0
2258.0,verde_dg15,0,0,0,0
2259.0,verde_dg15,0,0,0,0
2260.0,verde_dg15,0,1,0,0
2261.0,verde_dg15,0,1,0,0
2262.0,verde_dg15,0,2,0,0
2263.0,verde_dg15,0,2,0,0
2264.0,verde_dg15,0,3,0,0
2265.0,verde_dg15,0,3,0,0
2266.0,verde_dg15,0,3,0,0
2267.0,verde_dg15,0,3,0,0
2268.0,verde_dg15,0,3,0,0
2269.0,verde_dg15,0,3,0,0
2270.0,verde_dg15,0,3,0,0
2271.0,amarillo_dg15,0,3,0,0
2272.0,amarillo_dg15,0,3,0,0
2273.0,amarillo_dg15,0,3,0,0
2274.0,todo_rojo,0,3,0,0
2275.0,todo_rojo,0,3,0,0
2276.0,verde_cra23,0,1,0,0
2277.0,verde_cra23,0,0,0,0
2278.0,verde_cra23,0,1,0,0
2279.0,verde_cra23,0,0,0,0
2280.0,verde_cra23,0,0,0,0
2281.0,verde_cra23,0,0,0,0
2282.0,verde_cra23,0,0,1,1
2283.0,verde_cra23,0,0,1,1
2284.0,verde_cra23,0,0,1,1
2285.0,verde_cra23,0,0,1,1
2286.0,verde_cra23,0,0,1,1
2287.0,verde_cra23,0,0,1,1
2288.0,verde_cra23,0,0,1,1
2289.0,verde_cra23,0,0,1,1
2290.0,verde_cra23,0,0,1,1
2291.0,verde_cra23,0,0,2,1
2292.0,verde_cra23,0,0,3,1
2293.0,verde_cra23,0,0,3,1
2294.0,verde_cra23,0,0,3,1
2295.0,verde_cra23,0,0,3,1
2296.0,amarillo_cra23,0,0,3,1
2297.0,amarillo_cra23,0,0,3,1
2298.0,amarillo_cra23,0,0,3,1
2299.0,todo_rojo,0,0,3,1
2300.0,todo_rojo,0,0,3,1
2301.0,verde_dg15,0,0,1,0
2302.0,verde_dg15,0,0,0,0
2303.0,verde_dg15,0,0,0,0
2304.0,verde_dg15,0,0,0,0
2305.0,verde_dg15,0,0,0,0
2306.0,verde_dg15,0,0,0,0
2307.0,verde_dg15,0,0,0,0
2308.0,verde_dg15,0,0,0,0
2309.0,verde_dg15,0,1,0,0
2310.0,verde_dg15,0,1,0,0
2311.0,verde_dg15,0,1,0,0
2312.0,verde_dg15,0,1,0,0
2313.0,verde_dg15,0,1,0,0
2314.0,verde_dg15,0,1,0,0
2315.0,verde_dg15,0,1,0,0
2316.0,verde_dg15,1,1,0,0
2317.0,verde_dg15,1,1,0,0
2318.0,verde_dg15,1,1,0,0
2319.0,verde_dg15,1,1,0,0
2320.0,verde_dg15,1,1,0,0
2321.0,amarillo_dg15,2,1,0,0
2322.0,amarillo_dg15,2,1,0,0
2323.0,amarillo_dg15,2,1,0,0
2324.0,todo_rojo,2,1,0,1
2325.0,todo_rojo,2,1,0,1
2326.0,verde_cra23,1,0,0,1
2327.0,verde_cra23,0,0,0,1
2328.0,verde_cra23,0,0,0,1
2329.0,verde_cra23,0,0,0,1
2330.0,verde_cra23,0,0,0,1
2331.0,verde_cra23,0,0,0,1
2332.0,verde_cra23,0,0,0,1
2333.0,verde_cra23,0,0,0,2
2334.0,verde_cra23,0,0,0,2
2335.0,verde_cra23,0,0,0,2
2336.0,verde_cra23,0,0,0,2
2337.0,verde_cra23,0,0,1,2
2338.0,verde_cra23,0,0,1,2
2339.0,verde_cra23,0,0,1,2
2340.0,verde_cra23,0,0,2,2
2341.0,verde_cra23,0,0,2,2
2342.0,verde_cra23,0,0,3,2
2343.0,verde_cra23,0,0,3,2
2344.0,verde_cra23,0,0,3,2
2345.0,verde_cra23,0,0,3,2
2346.0,amarillo_cra23,0,0,3,2
2347.0,amarillo_cra23,0,0,3,4
2348.0,amarillo_cra23,0,0,3,4
2349.0,todo_rojo,0,0,3,4
2350.0,todo_rojo,0,0,3,4
2351.0,verde_dg15,0,0,1,2
2352.0,verde_dg15,0,0,0,0
2353.0,verde_dg15,0,0,0,0
2354.0,verde_dg15,0,0,0,0
2355.0,verde_dg15,0,0,0,0
2356.0,verde_dg15,1,0,0,0
2357.0,verde_dg15,1,0,0,0
2358.0,verde_dg15,1,0,0,0
2359.0,verde_dg15,1,0,0,0
2360.0,verde_dg15,1,0,0,0
2361.0,verde_dg15,1,0,0,0
2362.0,verde_dg15,1,0,0,0
2363.0,verde_dg15,1,0,0,0
2364.0,verde_dg15,1,0,0,0
2365.0,verde_dg15,1,0,0,0
2366.0,verde_dg15,1,0,0,0
2367.0,verde_dg15,2,0,0,0
2368.0,verde_dg15,2,0,0,0
2369.0,verde_dg15,2,0,0,0
2370.0,verde_dg15,2,1,0,0
2371.0,amarillo_dg15,2,1,0,0
2372.0,amarillo_dg15,2,2,0,0
2373.0,amarillo_dg15,2,2,0,0
2374.0,todo_rojo,2,3,0,0
2375.0,todo_rojo,3,3,0,0
2376.0,verde_cra23,2,1,0,0
2377.0,verde_cra23,1,0,0,0
2378.0,verde_cra23,0,0,0,0
2379.0,verde_cra23,0,0,0,0
2380.0,verde_cra23,0,0,0,0
2381.0,verde_cra23,0,0,0,0
2382.0,verde_cra23,0,0,0,0
2383.0,verde_cra23,0,0,0,0
2384.0,verde_cra23,0,0,1,0
2385.0,verde_cra23,0,0,1,0
2386.0,verde_cra23,0,0,1,0
2387.0,verde_cra23,0,0,1,0
2388.0,verde_cra23,0,0,1,0
2389.0,verde_cra23,0,0,1,0
2390.0,verde_cra23,0,0,1,0
2391.0,verde_cra23,0,0,1,1
2392.0,verde_cra23,0,0,1,1
2393.0,verde_cra23,0,0,1,1
2394.0,verde_cra23,0,0,1,1
2395.0,verde_cra23,0,0,1,2
2396.0,amarillo_cra23,0,0,1,2
2397.0,amarillo_cra23,0,0,1,2
2398.0,amarillo_cra23,0,0,1,2
2399.0,todo_rojo,0,0,1,2
2400.0,todo_rojo,0,0,2,2
2401.0,verde_dg15,0,0,1,1
2402.0,verde_dg15,0,0,0,0
2403.0,verde_dg15,0,1,0,0
2404.0,verde_dg15,0,2,0,0
2405.0,verde_dg15,0,2,0,0
2406.0,verde_dg15,0,2,0,0
2407.0,verde_dg15,0,2,0,0
2408.0,verde_dg15,0,2,0,0
2409.0,verde_dg15,0,2,0,0
2410.0,verde_dg15,0,2,0,0
2411.0,verde_dg15,0,2,0,0
2412.0,verde_dg15,0,2,0,0
2413.0,verde_dg15,0,3,0,0
2414.0,verde_dg15,0,3,0,0
2415.0,verde_dg15,0,3,0,0
2416.0,verde_dg15,0,3,0,0
2417.0,verde_dg15,0,3,0,0
2418.0,verde_dg15,0,3,0,0
2419.0,verde_dg15,0,4,0,0
2420.0,verde_dg15,0,4,0,0
2421.0,amarillo_dg15,0,4,0,0
2422.0,amarillo_dg15,0,4,0,0
2423.0,amarillo_dg15,0,4,0,0
2424.0,todo_rojo,0,4,0,0
2425.0,todo_rojo,0,4,0,0
2426.0,verde_cra23,0,2,0,0
2427.0,verde_cra23,0,2,0,0
2428.0,verde_cra23,0,1,0,0
2429.0,verde_cra23,0,1,0,1
2430.0,verde_cra23,0,1,0,1
2431.0,verde_cra23,0,1,0,1
2432.0,verde_cra23,0,1,0,1
2433.0,verde_cra23,0,1,1,1
2434.0,verde_cra23,0,1,1,1
2435.0,verde_cra23,0,1,1,1
2436.0,verde_cra23,0,0,1,1
2437.0,verde_cra23,0,0,1,1
2438.0,verde_cra23,0,0,1,1
2439.0,verde_cra23,0,0,1,1
2440.0,verde_cra23,0,0,1,1
2441.0,verde_cra23,0,1,1,1
2442.0,verde_cra23,0,1,1,2
2443.0,verde_cra23,0,1,1,2
2444.0,verde_cra23,0,1,1,2
2445.0,verde_cra23,0,0,1,2
2446.0,amarillo_cra23,0,0,1,2
2447.0,amarillo_cra23,0,0,1,3
2448.0,amarillo_cra23,0,0,1,3
2449.0,todo_rojo,0,0,1,3
2450.0,todo_rojo,0,1,1,3
2451.0,verde_dg15,0,1,0,1
2452.0,verde_dg15,0,1,0,0
2453.0,verde_dg15,0,1,0,0
2454.0,verde_dg15,1,1,0,0
2455.0,verde_dg15,1,1,0,0
2456.0,verde_dg15,1,1,0,0
2457.0,verde_dg15,1,1,0,0
2458.0,verde_dg15,1,1,0,0
2459.0,verde_dg15,1,1,0,0
2460.0,verde_dg15,1,1,0,0
2461.0,verde_dg15,1,1,0,0
2462.0,verde_dg15,1,1,0,0
2463.0,verde_dg15,1,1,0,0
2464.0,verde_dg15,1,1,0,0
2465.0,verde_dg15,1,1,0,0
2466.0,verde_dg15,1,1,0,0
2467.0,verde_dg15,1,1,0,0
2468.0,verde_dg15,2,1,0,0
2469.0,verde_dg15,2,1,0,0
2470.0,verde_dg15,2,1,0,0
2471.0,amarillo_dg15,2,1,0,0
2472.0,amarillo_dg15,2,1,0,0
2473.0,amarillo_dg15,2,2,0,0
2474.0,todo_rojo,2,2,0,0
2475.0,todo_rojo,2,2,0,0
2476.0,verde_cra23,1,0,0,0
2477.0,verde_cra23,0,0,0,0
2478.0,verde_cra23,0,0,0,0
2479.0,verde_cra23,0,0,0,0
2480.0,verde_cra23,0,0,0,0
2481.0,verde_cra23,0,0,0,0
2482.0,verde_cra23,0,0,0,0
2483.0,verde_cra23,0,0,0,0
2484.0,verde_cra23,0,0,0,0
2485.0,verde_cra23,0,0,0,0
2486.0,verde_cra23,0,0,0,0
2487.0,verde_cra23,0,0,0,0
2488.0,verde_cra23,0,0,0,0
2489.0,verde_cra23,0,0,0,0
2490.0,verde_cra23,0,0,0,0
2491.0,verde_cra23,0,0,0,0
2492.0,verde_cra23,0,0,0,0
2493.0,verde_cra23,0,0,0,0
2494.0,verde_cra23,0,0,0,0
2495.0,verde_cra23,0,0,0,0
2496.0,amarillo_cra23,0,0,0,0
2497.0,amarillo_cra23,0,0,0,0
2498.0,amarillo_cra23,0,0,0,0
2499.0,todo_rojo,0,0,0,0
2500.0,todo_rojo,0,1,0,0
2501.0,verde_dg15,0,1,0,0
2502.0,verde_dg15,0,2,0,0
2503.0,verde_dg15,0,2,0,0
2504.0,verde_dg15,0,2,0,0
2505.0,verde_dg15,0,2,0,0
2506.0,verde_dg15,0,2,0,0
2507.0,verde_dg15,0,2,0,0
2508.0,verde_dg15,0,2,0,0
2509.0,verde_dg15,0,2,0,0
2510.0,verde_dg15,0,2,0,0
2511.0,verde_dg15,0,2,0,0
2512.0,verde_dg15,0,2,0,0
2513.0,verde_dg15,0,2,0,0
2514.0,verde_dg15,0,2,0,0
2515.0,verde_dg15,0,2,0,0
2516.0,verde_dg15,0,2,0,0
2517.0,verde_dg15,0,3,0,0
2518.0,verde_dg15,0,3,0,0
2519.0,verde_dg15,1,3,0,0
2520.0,verde_dg15,1,4,0,0
2521.0,amarillo_dg15,1,4,0,0
2522.0,amarillo_dg15,1,4,0,0
2523.0,amarillo_dg15,1,4,0,0
2524.0,todo_rojo,1,4,1,0
2525.0,todo_rojo,1,4,1,0
2526.0,verde_cra23,0,2,1,0
2527.0,verde_cra23,0,0,1,0
2528.0,verde_cra23,0,0,2,0
2529.0,verde_cra23,0,0,2,0
2530.0,verde_cra23,0,0,2,0
2531.0,verde_cra23,0,0,2,0
2532.0,verde_cra23,0,0,2,0
2533.0,verde_cra23,0,0,2,0
2534.0,verde_cra23,0,0,2,0
2535.0,verde_cra23,0,0,2,0
2536.0,verde_cra23,0,0,2,0
2537.0,verde_cra23,0,0,2,0
2538.0,verde_cra23,0,0,2,0
2539.0,verde_cra23,0,0,2,0
2540.0,verde_cra23,0,0,3,0
2541.0,verde_cra23,0,0,3,0
2542.0,verde_cra23,0,0,3,0
2543.0,verde_cra23,0,0,3,0
2544.0,verde_cra23,0,0,3,0
2545.0,verde_cra23,0,0,3,1
2546.0,amarillo_cra23,0,0,4,1
2547.0,amarillo_cra23,0,0,4,1
2548.0,amarillo_cra23,0,0,4,1
2549.0,todo_rojo,0,0,4,1
2550.0,todo_rojo,0,0,4,1
2551.0,verde_dg15,0,0,3,0
2552.0,verde_dg15,0,0,1,0
2553.0,verde_dg15,0,0,0,0
2554.0,verde_dg15,0,0,0,0
2555.0,verde_dg15,0,0,0,0
2556.0,verde_dg15,0,0,0,0
2557.0,verde_dg15,0,0,0,0
2558.0,verde_dg15,0,0,0,0
2559.0,verde_dg15,0,0,0,0
2560.0,verde_dg15,0,0,0,0
2561.0,verde_dg15,1,0,0,0
2562.0,verde_dg15,1,0,0,0
2563.0,verde_dg15,1,0,0,0
2564.0,verde_dg15,1,0,0,0
2565.0,verde_dg15,1,0,0,0
2566.0,verde_dg15,1,1,0,0
2567.0,verde_dg15,2,2,0,0
2568.0,verde_dg15,2,2,0,0
2569.0,verde_dg15,2,2,0,0
2570.0,verde_dg15,2,2,0,0
2571.0,amarillo_dg15,2,2,0,0
2572.0,amarillo_dg15,3,2,0,0
2573.0,amarillo_dg15,4,2,0,0
2574.0,todo_rojo,4,2,0,0
2575.0,todo_rojo,4,3,0,0
2576.0,verde_cra23,3,1,0,0
2577.0,verde_cra23,3,0,0,0
2578.0,verde_cra23,2,1,0,0
2579.0,verde_cra23,1,2,0,0
2580.0,verde_cra23,0,2,1,0
2581.0,verde_cra23,0,2,1,0
2582.0,verde_cra23,0,1,1,1
2583.0,verde_cra23,0,1,1,1
2584.0,verde_cra23,0,0,1,1
2585.0,verde_cra23,0,0,1,1
2586.0,verde_cra23,0,0,1,1
2587.0,verde_cra23,0,0,1,1
2588.0,verde_cra23,0,0,2,1
2589.0,verde_cra23,0,0,3,1
2590.0,verde_cra23,0,0,3,1
2591.0,verde_cra23,0,0,3,1
2592.0,verde_cra23,0,0,3,1
2593.0,verde_cra23,0,0,3,1
2594.0,verde_cra23,0,0,3,1
2595.0,verde_cra23,0,0,3,1
2596.0,amarillo_cra23,0,0,3,1
2597.0,amarillo_cra23,0,0,3,1
2598.0,amarillo_cra23,0,0,3,1
2599.0,todo_rojo,0,0,3,1
2600.0,todo_rojo,0,0,3,1
2601.0,verde_dg15,0,0,2,0
2602.0,verde_dg15,0,0,1,0
2603.0,verde_dg15,0,0,1,0
2604.0,verde_dg15,1,0,0,0
2605.0,verde_dg15,1,0,0,0
2606.0,verde_dg15,2,0,0,0
2607.0,verde_dg15,2,0,0,0
2608.0,verde_dg15,2,0,0,0
2609.0,verde_dg15,2,0,0,0
2610.0,verde_dg15,2,0,0,0
2611.0,amarillo_dg15,2,0,0,0
2612.0,amarillo_dg15,2,0,0,0
2613.0,amarillo_dg15,2,0,0,0
2614.0,todo_rojo,2,0,0,0
2615.0,todo_rojo,2,0,0,0
2616.0,verde_cra23,1,0,0,0
2617.0,verde_cra23,1,0,0,0
2618.0,verde_cra23,0,0,0,0
2619.0,verde_cra23,0,0,0,0
2620.0,verde_cra23,0,0,0,0
2621.0,verde_cra23,0,0,0,1
2622.0,verde_cra23,0,0,0,1
2623.0,verde_cra23,0,0,1,1
2624.0,verde_cra23,0,0,1,1
2625.0,verde_cra23,0,0,1,1
2626.0,verde_cra23,0,0,1,1
2627.0,verde_cra23,0,0,1,2
2628.0,verde_cra23,0,0,1,2
2629.0,verde_cra23,0,0,2,3
2630.0,verde_cra23,0,0,2,3
2631.0,verde_cra23,0,0,2,3
2632.0,verde_cra23,0,0,2,3
2633.0,verde_cra23,0,0,2,3
2634.0,verde_cra23,0,0,2,3
2635.0,verde_cra23,0,0,2,3
2636.0,amarillo_cra23,0,0,2,3
2637.0,amarillo_cra23,0,0,3,3
2638.0,amarillo_cra23,0,0,3,3
2639.0,todo_rojo,0,1,3,3
2640.0,todo_rojo,0,1,3,3
2641.0,verde_dg15,0,1,1,2
2642.0,verde_dg15,0,1,0,1
2643.0,verde_dg15,1,1,0,0
2644.0,verde_dg15,1,1,0,0
2645.0,verde_dg15,1,1,0,0
2646.0,verde_dg15,1,1,0,0
2647.0,verde_dg15,1,1,0,0
2648.0,verde_dg15,1,1,0,0
2649.0,verde_dg15,2,1,0,0
2650.0,verde_dg15,2,1,0,0
2651.0,amarillo_dg15,2,1,0,0
2652.0,amarillo_dg15,3,1,0,0
2653.0,amarillo_dg15,4,1,0,0
2654.0,todo_rojo,4,1,0,0
2655.0,todo_rojo,4,1,0,0
2656.0,verde_cra23,3,0,0,0
2657.0,verde_cra23,2,0,0,0
2658.0,verde_cra23,1,0,0,0
2659.0,verde_cra23,0,0,0,0
2660.0,verde_cra23,0,0,0,0
2661.0,verde_cra23,0,0,0,0
2662.0,verde_cra23,0,0,0,0
2663.0,verde_cra23,0,0,0,0
2664.0,verde_cra23,0,0,0,0
2665.0,verde_cra23,0,0,1,0
2666.0,verde_cra23,0,0,1,0
2667.0,verde_cra23,0,0,1,0
2668.0,verde_cra23,0,0,1,0
2669.0,verde_cra23,0,0,1,0
2670.0,verde_cra23,0,0,1,1
2671.0,verde_cra23,0,0,1,1
2672.0,verde_cra23,0,0,1,1
2673.0,verde_cra23,0,0,2,1
2674.0,verde_cra23,0,0,2,1
2675.0,verde_cra23,0,0,2,1
2676.0,amarillo_cra23,0,0,2,1
2677.0,amarillo_cra23,0,0,2,1
2678.0,amarillo_cra23,0,0,2,1
2679.0,todo_rojo,0,0,2,1
2680.0,todo_rojo,0,0,2,1
2681.0,verde_dg15,0,0,0,0
2682.0,verde_dg15,0,0,0,0
2683.0,verde_dg15,0,0,0,0
2684.0,verde_dg15,0,0,0,0
2685.0,verde_dg15,0,0,0,0
2686.0,verde_dg15,0,0,0,0
2687.0,verde_dg15,0,0,0,0
2688.0,verde_dg15,0,0,0,0
2689.0,verde_dg15,0,0,0,0
2690.0,verde_dg15,0,0,0,0
2691.0,verde_dg15,1,0,0,0
2692.0,verde_dg15,1,0,0,0
2693.0,verde_dg15,1,1,0,0
2694.0,verde_dg15,2,1,0,0
2695.0,verde_dg15,2,1,0,0
2696.0,amarillo_dg15,2,1,0,0
2697.0,amarillo_dg15,2,1,0,0
2698.0,amarillo_dg15,2,1,0,0
2699.0,todo_rojo,2,1,0,0
2700.0,todo_rojo,2,2,0,0
2701.0,verde_cra23,2,0,0,0
2702.0,verde_cra23,1,1,0,0
2703.0,verde_cra23,0,0,0,0
2704.0,verde_cra23,0,0,0,0
2705.0,verde_cra23,0,0,0,0
2706.0,verde_cra23,0,0,0,0
2707.0,verde_cra23,0,0,0,0
2708.0,verde_cra23,0,0,0,0
2709.0,verde_cra23,0,0,0,0
2710.0,verde_cra23,0,0,0,0
2711.0,verde_cra23,0,0,0,0
2712.0,verde_cra23,0,0,0,0
2713.0,verde_cra23,0,0,0,0
2714.0,verde_cra23,0,0,0,0
2715.0,verde_cra23,0,0,0,0
2716.0,verde_cra23,0,0,0,0
2717.0,verde_cra23,0,0,0,0
2718.0,verde_cra23,0,0,0,0
2719.0,verde_cra23,0,0,0,0
2720.0,verde_cra23,0,0,0,0
2721.0,amarillo_cra23,0,0,0,0
2722.0,amarillo_cra23,0,0,0,0
2723.0,amarillo_cra23,0,0,0,0
2724.0,todo_rojo,0,0,0,0
2725.0,todo_rojo,0,0,0,0
2726.0,verde_dg15,0,0,0,0
2727.0,verde_dg15,0,0,0,0
2728.0,verde_dg15,0,0,0,0
2729.0,verde_dg15,0,0,0,0
2730.0,verde_dg15,1,0,0,0
2731.0,verde_dg15,1,0,0,0
2732.0,verde_dg15,1,0,0,0
2733.0,verde_dg15,1,0,0,0
2734.0,verde_dg15,1,0,0,0
2735.0,verde_dg15,1,0,0,0
2736.0,verde_dg15,1,0,0,0
2737.0,verde_dg15,1,0,0,0
2738.0,verde_dg15,1,0,0,0
2739.0,verde_dg15,1,1,0,0
2740.0,verde_dg15,1,1,0,0
2741.0,verde_dg15,1,1,0,0
2742.0,verde_dg15,1,1,0,0
2743.0,verde_dg15,1,1,0,0
2744.0,verde_dg15,1,1,0,0
2745.0,verde_dg15,1,1,0,0
2746.0,amarillo_dg15,2,1,0,0
2747.0,amarillo_dg15,2,1,0,0
2748.0,amarillo_dg15,2,1,0,0
2749.0,todo_rojo,2,1,0,0
2750.0,todo_rojo,2,1,0,0
2751.0,verde_cra23,1,0,0,0
2752.0,verde_cra23,0,0,0,0
2753.0,verde_cra23,0,0,0,0
2754.0,verde_cra23,0,0,1,0
2755.0,verde_cra23,0,0,1,0
2756.0,verde_cra23,0,0,1,0
2757.0,verde_cra23,0,0,1,0
2758.0,verde_cra23,0,0,1,0
2759.0,verde_cra23,0,0,1,0
2760.0,verde_cra23,0,0,1,0
2761.0,verde_cra23,0,0,1,1
2762.0,verde_cra23,0,0,1,1
2763.0,verde_cra23,0,0,1,1
2764.0,verde_cra23,0,0,1,1
2765.0,verde_cra23,0,0,1,1
2766.0,verde_cra23,0,0,1,1
2767.0,verde_cra23,0,0,1,1
2768.0,verde_cra23,0,0,1,1
2769.0,verde_cra23,0,0,1,1
2770.0,verde_cra23,0,0,1,1
2771.0,amarillo_cra23,0,0,1,1
2772.0,amarillo_cra23,0,0,1,1
2773.0,amarillo_cra23,0,0,1,1
2774.0,todo_rojo,0,0,1,1
2775.0,todo_rojo,0,0,1,1
2776.0,verde_dg15,0,0,0,0
2777.0,verde_dg15,0,0,0,0
2778.0,verde_dg15,0,0,0,0
2779.0,verde_dg15,0,0,0,0
2780.0,verde_dg15,0,1,0,0
2781.0,verde_dg15,0,2,0,0
2782.0,verde_dg15,1,2,0,0
2783.0,verde_dg15,1,2,0,0
2784.0,verde_dg15,2,2,0,0
2785.0,verde_dg15,2,2,0,0
2786.0,amarillo_dg15,2,2,0,0
2787.0,amarillo_dg15,2,2,0,0
2788.0,amarillo_dg15,3,2,0,0
2789.0,todo_rojo,3,2,0,0
2790.0,todo_rojo,4,2,0,0
2791.0,verde_cra23,3,1,0,0
2792.0,verde_cra23,2,0,0,0
2793.0,verde_cra23,1,1,0,0
2794.0,verde_cra23,0,1,0,0
2795.0,verde_cra23,0,0,1,0
2796.0,verde_cra23,0,0,2,1
2797.0,verde_cra23,0,0,2,1
2798.0,verde_cra23,0,0,2,1
2799.0,verde_cra23,0,0,2,1
2800.0,verde_cra23,0,0,2,1
2801.0,verde_cra23,0,0,2,1
2802.0,verde_cra23,0,0,2,1
2803.0,verde_cra23,0,0,2,1
2804.0,verde_cra23,0,0,2,1
2805.0,verde_cra23,0,0,2,1
2806.0,verde_cra23,0,0,2,1
2807.0,verde_cra23,0,0,2,1
2808.0,verde_cra23,0,0,2,1
2809.0,verde_cra23,0,0,2,1
2810.0,verde_cra23,0,0,2,1
2811.0,amarillo_cra23,0,0,2,1
2812.0,amarillo_cra23,0,0,2,1
2813.0,amarillo_cra23,0,0,2,1
2814.0,todo_rojo,0,0,2,1
2815.0,todo_rojo,0,0,2,1
2816.0,verde_dg15,0,0,1,0
2817.0,verde_dg15,0,0,0,0
2818.0,verde_dg15,1,0,0,0
2819.0,verde_dg15,1,0,0,0
2820.0,verde_dg15,1,0,0,0
2821.0,verde_dg15,1,1,0,0
2822.0,verde_dg15,1,1,0,0
2823.0,verde_dg15,1,1,0,0
2824.0,verde_dg15,1,1,0,0
2825.0,verde_dg15,1,1,0,0
2826.0,verde_dg15,1,1,0,0
2827.0,verde_dg15,1,1,0,0
2828.0,verde_dg15,1,1,0,0
2829.0,verde_dg15,2,1,0,0
2830.0,verde_dg15,2,1,0,0
2831.0,amarillo_dg15,2,1,0,0
2832.0,amarillo_dg15,2,1,0,0
2833.0,amarillo_dg15,2,1,0,0
2834.0,todo_rojo,2,1,0,0
2835.0,todo_rojo,2,1,0,0
2836.0,verde_cra23,1,0,0,0
2837.0,verde_cra23,0,0,0,0
2838.0,verde_cra23,0,0,0,0
2839.0,verde_cra23,0,0,0,0
2840.0,verde_cra23,0,0,0,0
2841.0,verde_cra23,0,0,0,0
2842.0,verde_cra23,0,0,0,0
2843.0,verde_cra23,0,0,1,0
2844.0,verde_cra23,0,0,1,1
2845.0,verde_cra23,0,0,2,1
2846.0,verde_cra23,0,0,2,1
2847.0,verde_cra23,0,0,2,1
2848.0,verde_cra23,0,0,2,1
2849.0,verde_cra23,0,0,2,2
2850.0,verde_cra23,0,0,2,2
2851.0,verde_cra23,0,1,2,2
2852.0,verde_cra23,0,1,2,2
2853.0,verde_cra23,0,1,2,2
2854.0,verde_cra23,0,1,2,2
2855.0,verde_cra23,0,1,2,2
2856.0,amarillo_cra23,1,1,2,2
2857.0,amarillo_cra23,1,1,2,2
2858.0,amarillo_cra23,1,1,2,3
2859.0,todo_rojo,1,1,2,3
2860.0,todo_rojo,1,1,2,3
2861.0,verde_dg15,1,1,1,1
2862.0,verde_dg15,1,2,0,0
2863.0,verde_dg15,1,2,0,0
2864.0,verde_dg15,1,2,0,0
2865.0,verde_dg15,1,2,0,0
2866.0,verde_dg15,1,2,0,0
2867.0,verde_dg15,1,2,0,0
2868.0,verde_dg15,2,3,0,0
2869.0,verde_dg15,2,4,0,0
2870.0,verde_dg15,2,4,0,0
2871.0,amarillo_dg15,2,4,0,0
2872.0,amarillo_dg15,2,4,0,0
2873.0,amarillo_dg15,2,4,0,0
2874.0,todo_rojo,2,4,0,0
2875.0,todo_rojo,2,6,0,0
2876.0,verde_cra23,1,5,0,0
2877.0,verde_cra23,0,4,0,0
2878.0,verde_cra23,0,4,0,0
2879.0,verde_cra23,0,5,0,0
2880.0,verde_cra23,0,5,0,0
2881.0,verde_cra23,0,5,0,1
2882.0,verde_cra23,0,4,0,1
2883.0,verde_cra23,0,4,0,1
2884.0,verde_cra23,0,4,0,1
2885.0,verde_cra23,0,5,0,1
2886.0,verde_cra23,0,5,0,1
2887.0,verde_cra23,0,3,0,1
2888.0,verde_cra23,0,2,0,2
2889.0,verde_cra23,0,1,0,2
2890.0,verde_cra23,0,0,0,3
2891.0,verde_cra23,0,0,0,3
2892.0,verde_cra23,0,0,0,4
2893.0,verde_cra23,0,0,0,4
2894.0,verde_cra23,0,0,2,4
2895.0,verde_cra23,0,0,2,5
2896.0,amarillo_cra23,0,0,2,5
2897.0,amarillo_cra23,0,0,2,5
2898.0,amarillo_cra23,0,0,2,5
2899.0,todo_rojo,0,1,2,4
2900.0,todo_rojo,0,2,2,4
2901.0,verde_dg15,1,3,0,2
2902.0,verde_dg15,1,3,0,1
2903.0,verde_dg15,1,3,0,0
2904.0,verde_dg15,1,3,0,0
2905.0,verde_dg15,1,3,0,0
2906.0,verde_dg15,1,3,0,0
2907.0,verde_dg15,1,3,0,0
2908.0,verde_dg15,1,3,0,0
2909.0,verde_dg15,1,3,0,0
2910.0,verde_dg15,1,3,0,0
2911.0,verde_dg15,1,3,0,0
2912.0,verde_dg15,1,3,0,0
2913.0,verde_dg15,1,3,0,0
2914.0,verde_dg15,1,3,0,0
2915.0,verde_dg15,1,3,0,0
2916.0,verde_dg15,1,3,0,0
2917.0,verde_dg15,1,3,0,0
2918.0,verde_dg15,1,4,0,0
2919.0,verde_dg15,1,4,0,0
2920.0,verde_dg15,1,4,0,0
2921.0,amarillo_dg15,1,4,0,0
2922.0,amarillo_dg15,1,4,0,0
2923.0,amarillo_dg15,2,4,0,0
2924.0,todo_rojo,2,4,0,0
2925.0,todo_rojo,2,4,0,0
2926.0,verde_cra23,2,2,0,0
2927.0,verde_cra23,1,0,0,1
2928.0,verde_cra23,0,0,0,1
2929.0,verde_cra23,0,0,0,3
2930.0,verde_cra23,0,0,0,3
2931.0,verde_cra23,0,0,0,3
2932.0,verde_cra23,0,0,0,3
2933.0,verde_cra23,0,0,0,3
2934.0,verde_cra23,0,0,0,3
2935.0,verde_cra23,0,0,0,3
2936.0,verde_cra23,0,0,0,3
2937.0,verde_cra23,0,0,0,3
2938.0,verde_cra23,0,0,0,3
2939.0,verde_cra23,0,0,0,4
2940.0,verde_cra23,0,0,0,4
2941.0,verde_cra23,0,0,0,4
2942.0,verde_cra23,0,0,0,4
2943.0,verde_cra23,0,0,0,5
2944.0,verde_cra23,0,0,1,5
2945.0,verde_cra23,0,0,1,5
2946.0,amarillo_cra23,0,1,1,6
2947.0,amarillo_cra23,0,1,1,6
2948.0,amarillo_cra23,0,1,1,6
2949.0,todo_rojo,0,1,1,6
2950.0,todo_rojo,0,1,1,6
2951.0,verde_dg15,0,1,0,4
2952.0,verde_dg15,0,1,0,2
2953.0,verde_dg15,0,1,0,2
2954.0,verde_dg15,0,1,0,1
2955.0,verde_dg15,0,1,0,0
2956.0,verde_dg15,0,1,0,0
2957.0,verde_dg15,0,1,0,0
2958.0,verde_dg15,0,1,0,0
2959.0,verde_dg15,0,1,0,0
2960.0,verde_dg15,0,1,0,0
2961.0,verde_dg15,0,1,0,0
2962.0,verde_dg15,0,1,0,0
2963.0,verde_dg15,0,1,0,0
2964.0,verde_dg15,0,1,0,0
2965.0,verde_dg15,0,1,0,0
2966.0,verde_dg15,0,1,0,0
2967.0,verde_dg15,0,1,0,0
2968.0,verde_dg15,0,1,0,0
2969.0,verde_dg15,1,1,0,0
2970.0,verde_dg15,1,1,0,0
2971.0,amarillo_dg15,2,1,0,0
2972.0,amarillo_dg15,2,1,0,0
2973.0,amarillo_dg15,2,1,0,0
2974.0,todo_rojo,2,1,0,0
2975.0,todo_rojo,2,1,0,0
2976.0,verde_cra23,1,0,0,0
2977.0,verde_cra23,0,0,0,0
2978.0,verde_cra23,0,0,0,1
2979.0,verde_cra23,0,0,0,1
2980.0,verde_cra23,0,0,0,1
2981.0,verde_cra23,0,0,0,1
2982.0,verde_cra23,0,0,0,1
2983.0,verde_cra23,0,0,0,2
2984.0,verde_cra23,0,0,0,2
2985.0,verde_cra23,0,0,0,2
2986.0,verde_cra23,0,0,0,2
2987.0,verde_cra23,0,0,0,2
2988.0,verde_cra23,0,0,0,2
2989.0,verde_cra23,0,0,0,2
2990.0,verde_cra23,0,1,1,3
2991.0,verde_cra23,0,1,1,3
2992.0,verde_cra23,0,1,1,3
2993.0,verde_cra23,0,1,1,3
2994.0,verde_cra23,0,1,1,4
2995.0,verde_cra23,0,0,1,5
2996.0,amarillo_cra23,0,0,1,5
2997.0,amarillo_cra23,1,0,1,5
2998.0,amarillo_cra23,1,0,1,5
2999.0,todo_rojo,1,0,1,5
3000.0,todo_rojo,1,0,1,5
3001.0,verde_dg15,1,0,0,3
3002.0,verde_dg15,1,0,0,1
3003.0,verde_dg15,1,0,0,0
3004.0,verde_dg15,1,0,0,0
3005.0,verde_dg15,1,0,0,0
3006.0,verde_dg15,1,0,0,0
3007.0,verde_dg15,1,0,0,0
3008.0,verde_dg15,1,0,0,0
3009.0,verde_dg15,1,0,0,0
3010.0,verde_dg15,2,0,0,0
3011.0,amarillo_dg15,3,0,0,0
3012.0,amarillo_dg15,3,0,0,0
3013.0,amarillo_dg15,3,0,0,0
3014.0,todo_rojo,3,0,0,0
3015.0,todo_rojo,3,0,0,0
3016.0,verde_cra23,2,0,0,1
3017.0,verde_cra23,1,0,0,2
3018.0,verde_cra23,0,0,0,2
3019.0,verde_cra23,0,0,0,2
3020.0,verde_cra23,0,0,0,2
3021.0,verde_cra23,0,0,0,2
3022.0,verde_cra23,0,0,0,2
3023.0,verde_cra23,0,0,0,2
3024.0,verde_cra23,0,0,0,2
3025.0,verde_cra23,0,0,0,2
3026.0,verde_cra23,0,0,0,2
3027.0,verde_cra23,0,0,1,2
3028.0,verde_cra23,0,0,1,2
3029.0,verde_cra23,0,0,1,2
3030.0,verde_cra23,0,0,1,2
3031.0,verde_cra23,0,0,1,2
3032.0,verde_cra23,0,0,1,2
3033.0,verde_cra23,0,0,1,2
3034.0,verde_cra23,0,0,1,2
3035.0,verde_cra23,0,0,1,2
3036.0,amarillo_cra23,0,0,1,2
3037.0,amarillo_cra23,0,0,1,2
3038.0,amarillo_cra23,0,0,1,2
3039.0,todo_rojo,0,0,1,2
3040.0,todo_rojo,0,0,1,2
3041.0,verde_dg15,0,0,0,0
3042.0,verde_dg15,0,0,0,0
3043.0,verde_dg15,0,0,0,0
3044.0,verde_dg15,0,0,0,0
3045.0,verde_dg15,0,0,0,0
3046.0,verde_dg15,0,0,0,0
3047.0,verde_dg15,0,0,0,0
3048.0,verde_dg15,0,0,0,0
3049.0,verde_dg15,0,0,0,0
3050.0,verde_dg15,1,0,0,0
3051.0,verde_dg15,1,0,0,0
3052.0,verde_dg15,1,0,0,0
3053.0,verde_dg15,1,0,0,0
3054.0,verde_dg15,1,0,0,0
3055.0,verde_dg15,1,0,0,0
3056.0,verde_dg15,1,0,0,0
3057.0,verde_dg15,1,0,0,0
3058.0,verde_dg15,1,0,0,0
3059.0,verde_dg15,1,0,0,0
3060.0,verde_dg15,1,0,0,0
3061.0,amarillo_dg15,1,0,0,0
3062.0,amarillo_dg15,1,0,0,0
3063.0,amarillo_dg15,1,0,0,0
3064.0,todo_rojo,1,0,0,0
3065.0,todo_rojo,1,0,0,0
3066.0,verde_cra23,0,0,0,0
3067.0,verde_cra23,0,0,0,0
3068.0,verde_cra23,0,0,0,1
3069.0,verde_cra23,0,0,0,1
3070.0,verde_cra23,0,0,0,1
3071.0,verde_cra23,0,0,1,1
3072.0,verde_cra23,0,0,1,1
3073.0,verde_cra23,0,0,1,1
3074.0,verde_cra23,0,0,1,1
3075.0,verde_cra23,0,0,2,1
3076.0,verde_cra23,0,0,3,1
3077.0,verde_cra23,0,0,3,1
3078.0,verde_cra23,0,0,4,1
3079.0,verde_cra23,0,0,4,1
3080.0,verde_cra23,0,0,4,1
3081.0,verde_cra23,0,0,4,1
3082.0,verde_cra23,0,0,4,1
3083.0,verde_cra23,0,0,4,1
3084.0,verde_cra23,0,0,4,2
3085.0,verde_cra23,0,0,4,2
3086.0,amarillo_cra23,0,0,5,2
3087.0,amarillo_cra23,0,0,5,2
3088.0,amarillo_cra23,0,0,5,2
3089.0,todo_rojo,1,0,5,3
3090.0,todo_rojo,1,0,5,3
3091.0,verde_dg15,1,0,3,1
3092.0,verde_dg15,2,0,1,0
3093.0,verde_dg15,2,0,0,0
3094.0,verde_dg15,2,0,0,0
3095.0,verde_dg15,3,0,0,0
3096.0,verde_dg15,3,0,0,0
3097.0,verde_dg15,3,0,0,0
3098.0,verde_dg15,3,0,0,0
3099.0,verde_dg15,3,0,0,0
3100.0,verde_dg15,3,0,0,0
3101.0,amarillo_dg15,3,0,0,0
3102.0,amarillo_dg15,3,0,0,0
3103.0,amarillo_dg15,3,0,0,0
3104.0,todo_rojo,3,1,0,0
3105.0,todo_rojo,3,1,0,0
3106.0,verde_cra23,2,0,0,1
3107.0,verde_cra23,1,0,0,1
3108.0,verde_cra23,0,0,0,1
3109.0,verde_cra23,0,0,0,1
3110.0,verde_cra23,0,0,0,1
3111.0,verde_cra23,0,0,0,1
3112.0,verde_cra23,0,0,0,1
3113.0,verde_cra23,0,0,0,3
3114.0,verde_cra23,0,0,0,3
3115.0,verde_cra23,0,0,0,3
3116.0,verde_cra23,0,0,0,3
3117.0,verde_cra23,0,0,0,3
3118.0,verde_cra23,0,0,0,3
3119.0,verde_cra23,0,0,0,4
3120.0,verde_cra23,0,0,0,4
3121.0,verde_cra23,0,0,0,4
3122.0,verde_cra23,0,0,0,4
3123.0,verde_cra23,0,0,0,4
3124.0,verde_cra23,0,0,0,5
3125.0,verde_cra23,0,0,0,5
3126.0,amarillo_cra23,0,0,1,5
3127.0,amarillo_cra23,0,0,1,6
3128.0,amarillo_cra23,0,0,1,6
3129.0,todo_rojo,0,0,1,6
3130.0,todo_rojo,0,0,1,6
3131.0,verde_dg15,0,0,0,4
3132.0,verde_dg15,0,0,0,2
3133.0,verde_dg15,0,0,0,0
3134.0,verde_dg15,0,0,0,0
3135.0,verde_dg15,1,1,0,0
3136.0,verde_dg15,1,1,0,0
3137.0,verde_dg15,1,1,0,0
3138.0,verde_dg15,1,1,0,0
3139.0,verde_dg15,1,1,0,0
3140.0,verde_dg15,1,1,0,0
3141.0,verde_dg15,1,1,0,0
3142.0,verde_dg15,2,1,0,0
3143.0,verde_dg15,2,1,0,0
3144.0,verde_dg15,3,1,0,0
3145.0,verde_dg15,3,2,0,0
3146.0,amarillo_dg15,4,2,0,0
3147.0,amarillo_dg15,4,2,0,0
3148.0,amarillo_dg15,4,2,0,0
3149.0,todo_rojo,4,2,0,0
3150.0,todo_rojo,4,2,0,0
3151.0,verde_cra23,3,0,1,0
3152.0,verde_cra23,2,0,1,0
3153.0,verde_cra23,1,0,1,1
3154.0,verde_cra23,0,0,1,1
3155.0,verde_cra23,0,0,1,1
3156.0,verde_cra23,0,0,1,1
3157.0,verde_cra23,0,0,1,1
3158.0,verde_cra23,0,0,1,1
3159.0,verde_cra23,0,0,1,1
3160.0,verde_cra23,0,0,1,1
3161.0,verde_cra23,0,0,1,1
3162.0,verde_cra23,0,0,1,3
3163.0,verde_cra23,0,0,1,3
3164.0,verde_cra23,0,0,1,3
3165.0,verde_cra23,0,0,1,3
3166.0,verde_cra23,0,0,1,3
3167.0,verde_cra23,0,0,1,3
3168.0,verde_cra23,0,0,1,3
3169.0,verde_cra23,0,0,1,3
3170.0,verde_cra23,0,0,1,3
3171.0,amarillo_cra23,0,0,1,3
3172.0,amarillo_cra23,0,0,1,3
3173.0,amarillo_cra23,0,0,1,3
3174.0,todo_rojo,0,0,2,4
3175.0,todo_rojo,0,0,2,4
3176.0,verde_dg15,0,0,0,2
3177.0,verde_dg15,0,0,0,1
3178.0,verde_dg15,0,1,0,0
3179.0,verde_dg15,0,1,0,0
3180.0,verde_dg15,0,1,0,0
3181.0,verde_dg15,0,2,0,0
3182.0,verde_dg15,0,2,0,0
3183.0,verde_dg15,0,2,0,0
3184.0,verde_dg15,0,2,0,0
3185.0,verde_dg15,0,2,0,0
3186.0,verde_dg15,0,2,0,0
3187.0,verde_dg15,0,2,0,0
3188.0,verde_dg15,0,2,0,0
3189.0,verde_dg15,0,2,0,0
3190.0,verde_dg15,0,2,0,0
3191.0,verde_dg15,0,2,0,0
3192.0,verde_dg15,0,3,0,0
3193.0,verde_dg15,0,3,0,0
3194.0,verde_dg15,0,3,0,0
3195.0,verde_dg15,0,3,0,0
3196.0,amarillo_dg15,0,3,0,0
3197.0,amarillo_dg15,0,3,0,0
3198.0,amarillo_dg15,0,3,0,0
3199.0,todo_rojo,0,3,0,0
3200.0,todo_rojo,0,3,0,0
3201.0,verde_cra23,0,1,0,0
3202.0,verde_cra23,0,1,0,0
3203.0,verde_cra23,0,1,0,0
3204.0,verde_cra23,0,2,0,0
3205.0,verde_cra23,0,1,0,0
3206.0,verde_cra23,0,1,0,0
3207.0,verde_cra23,0,1,0,0
3208.0,verde_cra23,0,1,0,0
3209.0,verde_cra23,0,1,0,0
3210.0,verde_cra23,0,0,0,0
3211.0,verde_cra23,0,0,0,0
3212.0,verde_cra23,0,0,0,0
3213.0,verde_cra23,0,0,0,0
3214.0,verde_cra23,0,0,0,0
3215.0,verde_cra23,0,0,0,1
3216.0,verde_cra23,0,0,0,1
3217.0,verde_cra23,0,0,0,1
3218.0,verde_cra23,0,0,0,1
3219.0,verde_cra23,0,0,0,1
3220.0,verde_cra23,0,0,0,1
3221.0,amarillo_cra23,0,0,0,1
3222.0,amarillo_cra23,0,0,0,1
3223.0,amarillo_cra23,0,0,0,2
3224.0,todo_rojo,0,0,0,2
3225.0,todo_rojo,0,0,0,2
3226.0,verde_dg15,0,0,0,1
3227.0,verde_dg15,0,0,0,0
3228.0,verde_dg15,0,0,0,0
3229.0,verde_dg15,0,0,0,0
3230.0,verde_dg15,0,0,0,0
3231.0,verde_dg15,0,0,0,0
3232.0,verde_dg15,0,0,0,0
3233.0,verde_dg15,0,0,0,0
3234.0,verde_dg15,0,0,0,0
3235.0,verde_dg15,0,0,0,0
3236.0,verde_dg15,0,1,0,0
3237.0,verde_dg15,0,1,0,0
3238.0,verde_dg15,1,2,0,0
3239.0,verde_dg15,1,3,0,0
3240.0,verde_dg15,1,4,0,0
3241.0,verde_dg15,1,4,0,0
3242.0,verde_dg15,1,4,0,0
3243.0,verde_dg15,1,4,0,0
3244.0,verde_dg15,1,4,0,0
3245.0,verde_dg15,1,5,0,0
3246.0,amarillo_dg15,1,5,0,0
3247.0,amarillo_dg15,1,5,0,0
3248.0,amarillo_dg15,1,5,0,0
3249.0,todo_rojo,1,5,0,0
3250.0,todo_rojo,1,6,0,0
3251.0,verde_cra23,0,4,0,0
3252.0,verde_cra23,0,2,0,0
3253.0,verde_cra23,0,0,0,0
3254.0,verde_cra23,0,0,0,0
3255.0,verde_cra23,0,0,0,0
3256.0,verde_cra23,0,0,1,1
3257.0,verde_cra23,0,0,1,1
3258.0,verde_cra23,0,0,1,1
3259.0,verde_cra23,0,0,1,1
3260.0,verde_cra23,0,0,1,1
3261.0,verde_cra23,0,0,1,2
3262.0,verde_cra23,0,0,1,2
3263.0,verde_cra23,0,0,1,2
3264.0,verde_cra23,0,0,1,2
3265.0,verde_cra23,0,0,1,2
3266.0,verde_cra23,0,0,1,2
3267.0,verde_cra23,0,0,1,2
3268.0,verde_cra23,0,0,1,2
3269.0,verde_cra23,0,0,1,2
3270.0,verde_cra23,0,0,1,2
3271.0,amarillo_cra23,0,0,1,2
3272.0,amarillo_cra23,0,0,2,2
3273.0,amarillo_cra23,0,0,2,2
3274.0,todo_rojo,0,0,2,2
3275.0,todo_rojo,0,0,2,2
3276.0,verde_dg15,0,0,1,1
3277.0,verde_dg15,0,0,0,0
3278.0,verde_dg15,0,0,0,0
3279.0,verde_dg15,0,0,0,0
3280.0,verde_dg15,0,1,0,0
3281.0,verde_dg15,0,1,0,0
3282.0,verde_dg15,0,1,0,0
3283.0,verde_dg15,0,1,0,0
3284.0,verde_dg15,0,1,0,0
3285.0,verde_dg15,0,1,0,0
3286.0,verde_dg15,0,1,0,0
3287.0,verde_dg15,0,1,0,0
3288.0,verde_dg15,0,1,0,0
3289.0,verde_dg15,0,1,0,0
3290.0,verde_dg15,0,1,0,0
3291.0,verde_dg15,0,1,0,0
3292.0,verde_dg15,0,1,0,0
3293.0,verde_dg15,0,1,0,0
3294.0,verde_dg15,0,1,0,0
3295.0,verde_dg15,0,1,0,0
3296.0,amarillo_dg15,0,1,0,0
3297.0,amarillo_dg15,0,1,0,0
3298.0,amarillo_dg15,0,1,0,0
3299.0,todo_rojo,0,1,0,0
3300.0,todo_rojo,0,1,0,0
3301.0,verde_cra23,0,0,0,0
3302.0,verde_cra23,0,0,1,0
3303.0,verde_cra23,0,0,1,0
3304.0,verde_cra23,0,0,1,0
3305.0,verde_cra23,0,0,1,0
3306.0,verde_cra23,0,0,1,0
3307.0,verde_cra23,0,0,1,0
3308.0,verde_cra23,0,0,1,0
3309.0,verde_cra23,0,0,1,0
3310.0,verde_cra23,0,0,1,0
3311.0,verde_cra23,0,0,1,0
3312.0,verde_cra23,0,0,1,0
3313.0,verde_cra23,0,0,1,0
3314.0,verde_cra23,0,0,1,0
3315.0,verde_cra23,0,0,1,0
3316.0,verde_cra23,0,0,1,1
3317.0,verde_cra23,0,0,1,1
3318.0,verde_cra23,0,0,1,1
3319.0,verde_cra23,0,0,1,1
3320.0,verde_cra23,0,0,1,1
3321.0,amarillo_cra23,0,0,1,1
3322.0,amarillo_cra23,0,0,1,1
3323.0,amarillo_cra23,0,0,1,1
3324.0,todo_rojo,0,0,1,1
3325.0,todo_rojo,0,0,1,1
3326.0,verde_dg15,0,0,0,0
3327.0,verde_dg15,0,1,0,0
3328.0,verde_dg15,1,1,0,0
3329.0,verde_dg15,1,2,0,0
3330.0,verde_dg15,1,2,0,0
3331.0,verde_dg15,1,2,0,0
3332.0,verde_dg15,1,2,0,0
3333.0,verde_dg15,1,3,0,0
3334.0,verde_dg15,2,3,0,0
3335.0,verde_dg15,2,4,0,0
3336.0,amarillo_dg15,2,4,0,0
3337.0,amarillo_dg15,2,4,0,0
3338.0,amarillo_dg15,2,4,0,0
3339.0,todo_rojo,2,4,0,0
3340.0,todo_rojo,2,4,0,0
3341.0,verde_cra23,1,2,0,1
3342.0,verde_cra23,0,0,1,1
3343.0,verde_cra23,0,0,1,1
3344.0,verde_cra23,0,0,1,2
3345.0,verde_cra23,0,0,1,2
3346.0,verde_cra23,0,0,1,2
3347.0,verde_cra23,0,0,2,2
3348.0,verde_cra23,0,0,2,2
3349.0,verde_cra23,0,0,2,3
3350.0,verde_cra23,0,0,2,3
3351.0,verde_cra23,0,0,2,3
3352.0,verde_cra23,0,0,3,3
3353.0,verde_cra23,0,0,4,3
3354.0,verde_cra23,0,0,4,3
3355.0,verde_cra23,0,0,5,3
3356.0,verde_cra23,0,0,5,3
3357.0,verde_cra23,0,0,5,3
3358.0,verde_cra23,0,0,5,3
3359.0,verde_cra23,0,0,5,4
3360.0,verde_cra23,0,0,5,4
3361.0,amarillo_cra23,0,0,5,4
3362.0,amarillo_cra23,0,0,5,4
3363.0,amarillo_cra23,0,0,5,5
3364.0,todo_rojo,0,0,5,6
3365.0,todo_rojo,0,0,5,6
3366.0,verde_dg15,0,0,3,4
3367.0,verde_dg15,0,0,2,2
3368.0,verde_dg15,0,0,0,0
3369.0,verde_dg15,1,0,0,0
3370.0,verde_dg15,1,0,0,0
3371.0,verde_dg15,1,0,0,0
3372.0,verde_dg15,2,1,0,0
3373.0,verde_dg15,3,1,0,0
3374.0,verde_dg15,3,1,0,0
3375.0,verde_dg15,3,1,0,0
3376.0,amarillo_dg15,3,2,0,0
3377.0,amarillo_dg15,3,2,0,1
3378.0,amarillo_dg15,3,2,0,1
3379.0,todo_rojo,3,2,0,1
3380.0,todo_rojo,3,2,0,1
3381.0,verde_cra23,2,1,0,1
3382.0,verde_cra23,1,0,0,1
3383.0,verde_cra23,0,0,1,1
3384.0,verde_cra23,0,0,1,1
3385.0,verde_cra23,0,0,1,1
3386.0,verde_cra23,0,0,1,1
3387.0,verde_cra23,0,0,1,1
3388.0,verde_cra23,0,0,1,1
3389.0,verde_cra23,0,0,1,1
3390.0,verde_cra23,0,0,1,1
3391.0,verde_cra23,0,0,2,1
3392.0,verde_cra23,0,0,2,1
3393.0,verde_cra23,0,0,2,1
3394.0,verde_cra23,0,0,2,1
3395.0,verde_cra23,0,0,2,1
3396.0,verde_cra23,0,0,2,1
3397.0,verde_cra23,0,0,2,1
3398.0,verde_cra23,0,0,2,1
3399.0,verde_cra23,0,0,2,1
3400.0,verde_cra23,0,0,2,1
3401.0,amarillo_cra23,0,0,2,1
3402.0,amarillo_cra23,0,0,2,1
3403.0,amarillo_cra23,0,0,2,1
3404.0,todo_rojo,0,0,2,1
3405.0,todo_rojo,0,0,2,1
3406.0,verde_dg15,0,0,1,0
3407.0,verde_dg15,0,0,0,0
3408.0,verde_dg15,1,0,0,0
3409.0,verde_dg15,1,0,0,0
3410.0,verde_dg15,2,0,0,0
3411.0,verde_dg15,2,0,0,0
3412.0,verde_dg15,3,0,0,0
3413.0,verde_dg15,3,0,0,0
3414.0,verde_dg15,3,0,0,0
3415.0,verde_dg15,3,0,0,0
3416.0,amarillo_dg15,3,0,0,0
3417.0,amarillo_dg15,3,0,0,0
3418.0,amarillo_dg15,4,0,0,0
3419.0,todo_rojo,4,0,0,0
3420.0,todo_rojo,4,0,0,0
3421.0,verde_cra23,3,0,0,0
3422.0,verde_cra23,2,0,0,0
3423.0,verde_cra23,1,0,0,0
3424.0,verde_cra23,0,0,0,1
3425.0,verde_cra23,0,0,0,1
3426.0,verde_cra23,0,0,0,1
3427.0,verde_cra23,0,0,0,1
3428.0,verde_cra23,0,0,1,1
3429.0,verde_cra23,0,0,1,1
3430.0,verde_cra23,0,0,1,1
3431.0,verde_cra23,0,0,1,1
3432.0,verde_cra23,0,0,2,1
3433.0,verde_cra23,0,0,2,1
3434.0,verde_cra23,0,0,2,1
3435.0,verde_cra23,0,0,2,1
3436.0,verde_cra23,0,0,2,1
3437.0,verde_cra23,0,0,2,1
3438.0,verde_cra23,0,0,2,1
3439.0,verde_cra23,0,0,2,1
3440.0,verde_cra23,0,0,2,1
3441.0,amarillo_cra23,0,0,2,1
3442.0,amarillo_cra23,0,0,2,1
3443.0,amarillo_cra23,0,0,2,1
3444.0,todo_rojo,0,0,3,1
3445.0,todo_rojo,1,0,3,1
3446.0,verde_dg15,1,0,1,0
3447.0,verde_dg15,1,0,0,0
3448.0,verde_dg15,1,0,0,0
3449.0,verde_dg15,1,0,0,0
3450.0,verde_dg15,1,0,0,0
3451.0,verde_dg15,2,0,0,0
3452.0,verde_dg15,2,0,0,0
3453.0,verde_dg15,2,1,0,0
3454.0,verde_dg15,3,1,0,0
3455.0,verde_dg15,3,2,0,0
3456.0,amarillo_dg15,3,2,0,0
3457.0,amarillo_dg15,4,2,0,0
3458.0,amarillo_dg15,4,2,0,0
3459.0,todo_rojo,4,2,0,0
3460.0,todo_rojo,4,2,0,0
3461.0,verde_cra23,3,1,0,0
3462.0,verde_cra23,2,0,0,0
3463.0,verde_cra23,1,0,0,0
3464.0,verde_cra23,0,0,0,0
3465.0,verde_cra23,0,0,0,0
3466.0,verde_cra23,0,0,0,0
3467.0,verde_cra23,0,0,0,0
3468.0,verde_cra23,0,0,1,0
3469.0,verde_cra23,0,0,1,0
3470.0,verde_cra23,0,0,1,0
3471.0,verde_cra23,0,0,1,0
3472.0,verde_cra23,0,0,1,0
3473.0,verde_cra23,0,0,1,0
3474.0,verde_cra23,0,0,1,0
3475.0,verde_cra23,0,0,1,1
3476.0,verde_cra23,0,0,1,1
3477.0,verde_cra23,0,0,1,1
3478.0,verde_cra23,0,0,1,1
3479.0,verde_cra23,0,0,1,1
3480.0,verde_cra23,0,0,1,1
3481.0,amarillo_cra23,0,0,1,1
3482.0,amarillo_cra23,0,0,1,1
3483.0,amarillo_cra23,0,0,1,1
3484.0,todo_rojo,0,0,1,1
3485.0,todo_rojo,0,0,1,1
3486.0,verde_dg15,0,0,0,0
3487.0,verde_dg15,1,0,0,0
3488.0,verde_dg15,1,0,0,0
3489.0,verde_dg15,1,0,0,0
3490.0,verde_dg15,1,0,0,0
3491.0,verde_dg15,1,0,0,0
3492.0,verde_dg15,1,0,0,0
3493.0,verde_dg15,1,0,0,0
3494.0,verde_dg15,1,0,0,0
3495.0,verde_dg15,1,0,0,0
3496.0,verde_dg15,1,0,0,0
3497.0,verde_dg15,1,0,0,0
3498.0,verde_dg15,1,0,0,0
3499.0,verde_dg15,1,0,0,0
3500.0,verde_dg15,1,0,0,0
3501.0,verde_dg15,1,0,0,0
3502.0,verde_dg15,1,0,0,0
3503.0,verde_dg15,2,0,0,0
3504.0,verde_dg15,2,0,0,0
3505.0,verde_dg15,2,0,0,0
3506.0,amarillo_dg15,3,0,0,0
3507.0,amarillo_dg15,3,0,0,0
3508.0,amarillo_dg15,3,0,0,0
3509.0,todo_rojo,3,0,0,0
3510.0,todo_rojo,3,0,0,0
3511.0,verde_cra23,2,0,0,0
3512.0,verde_cra23,1,0,1,0
3513.0,verde_cra23,0,0,1,0
3514.0,verde_cra23,0,0,1,0
3515.0,verde_cra23,0,0,1,0
3516.0,verde_cra23,0,0,1,0
3517.0,verde_cra23,0,0,1,0
3518.0,verde_cra23,0,0,1,0
3519.0,verde_cra23,0,0,1,0
3520.0,verde_cra23,0,0,1,0
3521.0,verde_cra23,0,0,1,0
3522.0,verde_cra23,0,0,1,0
3523.0,verde_cra23,0,0,1,0
3524.0,verde_cra23,0,0,1,0
3525.0,verde_cra23,0,0,1,0
3526.0,verde_cra23,0,0,2,0
3527.0,verde_cra23,0,0,2,0
3528.0,verde_cra23,0,0,2,0
3529.0,verde_cra23,0,0,2,0
3530.0,verde_cra23,0,0,2,0
3531.0,amarillo_cra23,0,0,2,0
3532.0,amarillo_cra23,0,0,2,0
3533.0,amarillo_cra23,0,0,2,0
3534.0,todo_rojo,0,0,2,0
3535.0,todo_rojo,0,0,2,0
3536.0,verde_dg15,0,0,0,0
3537.0,verde_dg15,0,1,0,0
3538.0,verde_dg15,0,2,0,0
3539.0,verde_dg15,0,2,0,0
3540.0,verde_dg15,0,2,0,0
3541.0,verde_dg15,1,2,0,0
3542.0,verde_dg15,1,2,0,0
3543.0,verde_dg15,1,2,0,0
3544.0,verde_dg15,1,3,0,0
3545.0,verde_dg15,1,3,0,0
3546.0,verde_dg15,1,3,0,0
3547.0,verde_dg15,1,3,0,0
3548.0,verde_dg15,1,3,0,0
3549.0,verde_dg15,1,3,0,0
3550.0,verde_dg15,1,3,0,0
3551.0,verde_dg15,2,3,0,0
3552.0,verde_dg15,2,3,0,0
3553.0,verde_dg15,2,3,0,0
3554.0,verde_dg15,2,4,0,0
3555.0,verde_dg15,2,4,0,0
3556.0,amarillo_dg15,2,4,0,0
3557.0,amarillo_dg15,2,4,0,0
3558.0,amarillo_dg15,2,4,0,0
3559.0,todo_rojo,2,4,0,0
3560.0,todo_rojo,2,4,0,0
3561.0,verde_cra23,1,2,0,0
3562.0,verde_cra23,0,0,0,0
3563.0,verde_cra23,0,0,0,0
3564.0,verde_cra23,0,0,0,0
3565.0,verde_cra23,0,0,0,0
3566.0,verde_cra23,0,0,0,0
3567.0,verde_cra23,0,0,0,0
3568.0,verde_cra23,0,0,0,0
3569.0,verde_cra23,0,0,0,0
3570.0,verde_cra23,0,0,0,0
3571.0,verde_cra23,0,0,0,0
3572.0,verde_cra23,0,0,0,0
3573.0,verde_cra23,0,0,0,0
3574.0,verde_cra23,0,0,0,0
3575.0,verde_cra23,0,0,0,0
3576.0,verde_cra23,0,0,0,0
3577.0,verde_cra23,0,0,0,0
3578.0,verde_cra23,0,0,0,0
3579.0,verde_cra23,0,0,1,0
3580.0,verde_cra23,0,0,1,0
3581.0,amarillo_cra23,0,0,1,0
3582.0,amarillo_cra23,0,0,1,0
3583.0,amarillo_cra23,0,0,1,0
3584.0,todo_rojo,0,0,1,0
3585.0,todo_rojo,0,0,1,0
3586.0,verde_dg15,0,0,0,0
3587.0,verde_dg15,0,0,0,0
3588.0,verde_dg15,0,0,0,0
3589.0,verde_dg15,0,0,0,0
3590.0,verde_dg15,0,1,0,0
3591.0,verde_dg15,0,1,0,0
3592.0,verde_dg15,0,2,0,0
3593.0,verde_dg15,1,2,0,0
3594.0,verde_dg15,1,2,0,0
3595.0,verde_dg15,1,2,0,0
3596.0,verde_dg15,1,2,0,0
3597.0,verde_dg15,1,2,0,0
3598.0,verde_dg15,1,2,0,0
3599.0,verde_dg15,1,2,0,0
3600.0,verde_dg15,1,2,0,0
3601.0,verde_dg15,1,2,0,0
3602.0,verde_dg15,1,2,0,0
3603.0,verde_dg15,2,2,0,0
3604.0,verde_dg15,2,2,0,0
3605.0,verde_dg15,2,2,0,0
3606.0,amarillo_dg15,2,2,0,0
3607.0,amarillo_dg15,2,2,0,0
3608.0,amarillo_dg15,2,2,0,0
3609.0,todo_rojo,2,2,0,0
3610.0,todo_rojo,2,2,0,0
3611.0,verde_cra23,1,0,0,0
3612.0,verde_cra23,0,0,0,0
3613.0,verde_cra23,0,0,0,0
3614.0,verde_cra23,0,0,0,0
3615.0,verde_cra23,0,0,0,0
3616.0,verde_cra23,0,0,0,0
3617.0,verde_cra23,0,0,0,0
3618.0,verde_cra23,0,0,0,1
3619.0,verde_cra23,0,0,0,1
3620.0,verde_cra23,0,0,0,1
3621.0,verde_cra23,0,0,0,1
3622.0,verde_cra23,0,0,0,2
3623.0,verde_cra23,0,0,0,2
3624.0,verde_cra23,0,0,0,2
3625.0,verde_cra23,0,0,0,2
3626.0,verde_cra23,0,0,0,2
3627.0,verde_cra23,0,0,0,2
3628.0,verde_cra23,0,0,0,2
3629.0,verde_cra23,0,0,0,2
3630.0,verde_cra23,0,0,0,2
3631.0,amarillo_cra23,0,0,0,2
3632.0,amarillo_cra23,0,0,0,2
3633.0,amarillo_cra23,0,0,0,2
3634.0,todo_rojo,0,0,0,2
3635.0,todo_rojo,0,0,0,2
3636.0,verde_dg15,0,0,0,0
3637.0,verde_dg15,0,0,0,0
3638.0,verde_dg15,0,0,0,0
3639.0,verde_dg15,0,0,0,0
3640.0,verde_dg15,0,0,0,0
3641.0,verde_dg15,0,0,0,0
3642.0,verde_dg15,0,0,0,0
3643.0,verde_dg15,0,0,0,0
3644.0,verde_dg15,0,0,0,0
3645.0,verde_dg15,0,0,0,0
3646.0,verde_dg15,0,0,0,0
3647.0,verde_dg15,0,0,0,0
3648.0,verde_dg15,0,0,0,0
3649.0,verde_dg15,0,0,0,0
3650.0,verde_dg15,0,0,0,0
3651.0,verde_dg15,0,0,0,0
3652.0,verde_dg15,0,0,0,0
3653.0,verde_dg15,0,0,0,0
3654.0,verde_dg15,0,0,0,0
3655.0,verde_dg15,0,0,0,0
3656.0,amarillo_dg15,0,0,0,0
3657.0,amarillo_dg15,0,0,0,0
3658.0,amarillo_dg15,0,0,0,0
3659.0,todo_rojo,0,0,0,0
3660.0,todo_rojo,0,0,0,0
3661.0,verde_cra23,0,0,0,0
3662.0,verde_cra23,0,0,0,0
3663.0,verde_cra23,0,0,0,0
3664.0,verde_cra23,0,0,0,0
3665.0,verde_cra23,0,0,0,0
3666.0,verde_cra23,0,0,0,0
