episodio,semilla,epsilon,recompensa_total,detenidos_promedio,decisiones,pedidos_de_cambio,verdes_cra23,verdes_dg15,segundos_reloj
0,1000,1.0,-10490.0,2.922,346,170,85,85,13.2
1,1001,0.9937,-10699.0,2.98,343,171,85,86,13.9
2,1002,0.9873,-9778.0,2.724,353,166,83,83,7.6
3,1003,0.981,-10707.0,2.982,337,174,87,87,9.7
4,1004,0.9747,-12054.0,3.358,344,171,85,86,11.7
5,1005,0.9683,-11936.0,3.325,350,168,84,84,11.6
6,1006,0.962,-9948.0,2.771,336,174,87,87,6.3
7,1007,0.9557,-10156.0,2.829,336,174,87,87,11.3
8,1008,0.9493,-10182.0,2.836,343,170,85,86,9.0
9,1009,0.943,-9723.0,2.708,328,176,88,89,12.6
10,1010,0.9367,-10585.0,2.948,353,166,83,83,8.8
11,1011,0.9303,-9616.0,2.679,346,170,85,85,8.7
12,1012,0.924,-10722.0,2.987,360,163,81,82,11.3
13,1013,0.9177,-12872.0,3.586,352,165,83,83,12.4
14,1014,0.9113,-9949.0,2.771,361,161,81,81,13.3
15,1015,0.905,-10933.0,3.045,356,165,82,83,8.5
16,1016,0.8987,-11639.0,3.242,368,158,79,80,9.3
17,1017,0.8923,-11210.0,3.123,357,162,82,82,12.1
18,1018,0.886,-10433.0,2.906,355,166,83,83,11.7
19,1019,0.8797,-11750.0,3.273,352,167,83,84,10.3
20,1020,0.8733,-10505.0,2.926,364,161,80,81,11.8
21,1021,0.867,-10852.0,3.023,371,158,79,79,12.8
22,1022,0.8607,-9902.0,2.758,348,169,84,85,9.5
23,1023,0.8543,-9955.0,2.773,353,167,83,84,12.7
24,1024,0.848,-10418.0,2.902,360,163,81,82,13.0
25,1025,0.8417,-11304.0,3.149,373,157,78,79,13.0
26,1026,0.8353,-10875.0,3.029,366,160,80,80,13.3
27,1027,0.829,-11934.0,3.324,382,154,77,77,13.5
28,1028,0.8227,-10201.0,2.842,375,156,78,78,12.7
29,1029,0.8163,-10919.0,3.042,377,154,77,78,13.0
30,1030,0.81,-12835.0,3.575,380,155,77,78,6.7
31,1031,0.8037,-9955.0,2.773,369,158,79,80,9.7
32,1032,0.7973,-11494.0,3.202,370,158,79,80,10.8
33,1033,0.791,-10332.0,2.878,343,171,85,86,7.4
34,1034,0.7847,-9540.0,2.657,359,162,81,82,11.3
35,1035,0.7783,-10448.0,2.91,368,160,80,80,11.0
36,1036,0.772,-10431.0,2.906,351,167,83,84,12.2
37,1037,0.7657,-11746.0,3.272,383,151,76,76,12.2
38,1038,0.7593,-12537.0,3.492,376,153,77,78,11.2
39,1039,0.753,-9993.0,2.784,392,149,74,75,11.7
40,1040,0.7467,-12134.0,3.38,373,157,78,79,10.1
41,1041,0.7403,-11089.0,3.089,383,153,76,77,13.2
42,1042,0.734,-9469.0,2.638,368,159,80,80,10.5
43,1043,0.7277,-12333.0,3.435,378,151,77,77,14.0
44,1044,0.7213,-10669.0,2.972,364,161,80,81,13.3
45,1045,0.715,-11036.0,3.074,380,151,76,77,12.3
46,1046,0.7087,-10609.0,2.955,379,153,77,77,10.7
47,1047,0.7023,-10839.0,3.019,384,152,76,76,9.5
48,1048,0.696,-10967.0,3.055,382,154,77,77,11.6
49,1049,0.6897,-10971.0,3.056,385,150,75,76,13.1
50,1050,0.6833,-10232.0,2.85,382,153,76,77,10.6
51,1051,0.677,-10283.0,2.864,377,156,78,78,11.9
52,1052,0.6707,-9662.0,2.691,367,160,80,80,12.8
53,1053,0.6643,-11230.0,3.128,377,154,77,78,12.2
54,1054,0.658,-9684.0,2.697,380,154,77,77,12.6
55,1055,0.6517,-10377.0,2.891,355,165,82,83,14.0
56,1056,0.6453,-10516.0,2.929,390,150,75,75,9.1
57,1057,0.639,-10784.0,3.004,388,150,75,75,11.1
58,1058,0.6327,-11451.0,3.19,382,154,77,77,12.0
59,1059,0.6263,-11900.0,3.315,397,146,73,73,12.1
60,1060,0.62,-9446.0,2.631,365,161,80,81,11.0
61,1061,0.6137,-11736.0,3.269,378,154,77,78,5.9
62,1062,0.6073,-9613.0,2.678,400,145,72,73,7.5
63,1063,0.601,-10825.0,3.015,391,149,74,75,11.0
64,1064,0.5947,-9772.0,2.722,388,151,75,76,10.5
65,1065,0.5883,-12822.0,3.572,408,142,71,71,8.9
66,1066,0.582,-10070.0,2.805,379,155,77,78,12.5
67,1067,0.5757,-9623.0,2.681,373,157,78,79,9.7
68,1068,0.5693,-11155.0,3.107,399,144,72,73,11.1
69,1069,0.563,-11313.0,3.151,420,134,68,68,11.3
70,1070,0.5567,-10983.0,3.059,413,139,69,70,11.5
71,1071,0.5503,-10893.0,3.034,391,150,75,75,12.8
72,1072,0.544,-12969.0,3.613,406,142,71,71,13.3
73,1073,0.5377,-10717.0,2.985,401,145,72,73,12.9
74,1074,0.5313,-11094.0,3.09,389,149,75,75,12.7
75,1075,0.525,-9877.0,2.751,392,149,74,75,12.1
76,1076,0.5187,-10552.0,2.939,396,145,73,73,9.0
77,1077,0.5123,-11881.0,3.309,397,146,73,73,6.6
78,1078,0.506,-11349.0,3.161,431,131,65,66,5.2
79,1079,0.4997,-10470.0,2.916,377,156,78,78,5.2
80,1080,0.4933,-11300.0,3.148,402,144,72,72,13.7
81,1081,0.487,-9830.0,2.738,391,150,75,75,12.3
82,1082,0.4807,-11059.0,3.081,407,140,70,71,12.5
83,1083,0.4743,-11248.0,3.133,415,138,69,69,12.2
84,1084,0.468,-11607.0,3.233,416,136,68,69,12.1
85,1085,0.4617,-11219.0,3.125,391,149,74,75,9.4
86,1086,0.4553,-11249.0,3.133,406,143,71,72,6.7
87,1087,0.449,-10905.0,3.038,408,141,70,71,7.7
88,1088,0.4427,-10438.0,2.908,395,146,73,74,13.7
89,1089,0.4363,-12280.0,3.421,426,133,66,67,11.8
90,1090,0.43,-10935.0,3.046,410,141,70,71,12.4
91,1091,0.4237,-11530.0,3.212,415,139,69,70,11.2
92,1092,0.4173,-12949.0,3.607,418,136,68,69,11.2
93,1093,0.411,-9428.0,2.626,365,161,80,81,11.3
94,1094,0.4047,-9619.0,2.679,382,153,76,77,11.1
95,1095,0.3983,-10011.0,2.789,396,147,73,74,11.1
96,1096,0.392,-10805.0,3.01,385,152,76,76,11.2
97,1097,0.3857,-13229.0,3.685,432,130,65,65,11.9
98,1098,0.3793,-12008.0,3.345,428,128,65,66,11.9
99,1099,0.373,-9611.0,2.677,404,143,71,72,6.8
100,1100,0.3667,-12085.0,3.366,432,130,65,65,10.0
101,1101,0.3603,-11349.0,3.161,404,140,71,71,11.1
102,1102,0.354,-11721.0,3.265,419,136,68,68,11.1
103,1103,0.3477,-11308.0,3.15,405,141,71,71,11.3
104,1104,0.3413,-11158.0,3.108,413,140,70,70,11.3
105,1105,0.335,-9907.0,2.76,408,141,70,71,11.2
106,1106,0.3287,-11225.0,3.127,417,137,68,69,10.6
107,1107,0.3223,-11944.0,3.327,439,127,63,64,7.5
108,1108,0.316,-12699.0,3.537,454,120,60,60,6.2
109,1109,0.3097,-11945.0,3.327,413,138,69,70,12.7
110,1110,0.3033,-12214.0,3.402,425,132,66,67,12.1
111,1111,0.297,-11878.0,3.309,430,132,66,66,13.2
112,1112,0.2907,-11397.0,3.175,425,131,66,67,9.2
113,1113,0.2843,-12750.0,3.552,433,129,65,65,10.4
114,1114,0.278,-12332.0,3.435,441,125,63,63,8.0
115,1115,0.2717,-10111.0,2.816,424,134,67,67,9.2
116,1116,0.2653,-11391.0,3.173,421,134,67,68,11.0
117,1117,0.259,-10669.0,2.972,412,140,70,70,11.1
118,1118,0.2527,-9604.0,2.675,408,141,70,71,10.6
119,1119,0.2463,-11355.0,3.163,426,133,66,67,13.1
120,1120,0.24,-12876.0,3.587,446,124,62,62,13.3
121,1121,0.2337,-9135.0,2.545,386,151,75,76,13.3
122,1122,0.2273,-10552.0,2.939,407,142,71,71,12.1
123,1123,0.221,-12290.0,3.423,424,134,67,67,11.6
124,1124,0.2147,-10727.0,2.988,404,144,72,72,11.0
125,1125,0.2083,-10056.0,2.801,413,136,69,69,9.8
126,1126,0.202,-10412.0,2.9,405,141,71,71,12.8
127,1127,0.1957,-11886.0,3.311,425,132,66,67,11.8
128,1128,0.1893,-10606.0,2.954,410,140,70,70,12.7
129,1129,0.183,-10556.0,2.94,426,133,66,67,7.2
130,1130,0.1767,-10948.0,3.05,437,128,64,64,13.0
131,1131,0.1703,-10084.0,2.809,408,141,70,71,12.0
132,1132,0.164,-10241.0,2.853,413,140,70,70,12.0
133,1133,0.1577,-10390.0,2.894,428,132,66,66,12.5
134,1134,0.1513,-10059.0,2.802,408,141,70,71,10.6
135,1135,0.145,-12591.0,3.507,461,117,58,59,13.0
136,1136,0.1387,-12651.0,3.524,470,113,56,57,14.0
137,1137,0.1323,-10396.0,2.896,441,127,63,64,11.3
138,1138,0.126,-11463.0,3.193,439,126,63,64,11.6
139,1139,0.1197,-11061.0,3.081,443,125,62,63,7.5
140,1140,0.1133,-10024.0,2.792,432,130,65,65,6.5
141,1141,0.107,-13303.0,3.706,432,130,65,65,8.9
142,1142,0.1007,-13299.0,3.704,470,113,56,57,12.5
143,1143,0.0943,-12574.0,3.503,478,110,55,55,6.1
144,1144,0.088,-13345.0,3.717,456,118,59,60,5.5
145,1145,0.0817,-11286.0,3.144,428,132,66,66,5.3
146,1146,0.0753,-11812.0,3.29,448,123,61,62,5.1
147,1147,0.069,-11328.0,3.155,443,125,62,63,4.8
148,1148,0.0627,-12125.0,3.377,420,136,68,68,6.7
149,1149,0.0563,-10673.0,2.973,412,139,70,70,11.0
150,1150,0.05,-11614.0,3.235,435,129,64,65,5.8
151,1151,0.05,-10483.0,2.92,441,127,63,64,4.9
152,1152,0.05,-11136.0,3.102,424,134,67,67,8.6
153,1153,0.05,-11847.0,3.3,441,126,63,63,6.6
154,1154,0.05,-10618.0,2.958,432,130,65,65,12.8
155,1155,0.05,-11525.0,3.21,443,126,63,63,7.2
156,1156,0.05,-11148.0,3.105,450,122,61,61,11.9
157,1157,0.05,-10728.0,2.988,423,135,67,68,11.4
158,1158,0.05,-10441.0,2.908,418,137,68,69,10.0
159,1159,0.05,-10302.0,2.87,424,134,67,67,14.5
160,1160,0.05,-11427.0,3.183,446,124,62,62,14.6
161,1161,0.05,-11971.0,3.335,433,130,65,65,14.1
162,1162,0.05,-12744.0,3.55,443,125,62,63,12.1
163,1163,0.05,-10598.0,2.952,433,130,65,65,12.4
164,1164,0.05,-10486.0,2.921,413,139,69,70,13.4
165,1165,0.05,-12815.0,3.57,477,110,55,55,12.4
166,1166,0.05,-12082.0,3.365,441,126,63,63,9.0
167,1167,0.05,-13119.0,3.654,485,107,53,54,10.4
168,1168,0.05,-13359.0,3.721,448,124,62,62,12.2
169,1169,0.05,-11497.0,3.203,435,130,65,65,12.1
170,1170,0.05,-13200.0,3.677,459,119,59,60,10.5
171,1171,0.05,-12831.0,3.574,450,122,61,61,11.5
172,1172,0.05,-10083.0,2.809,426,133,66,67,12.2
173,1173,0.05,-10755.0,2.996,431,131,65,66,13.2
174,1174,0.05,-9990.0,2.783,413,139,69,70,12.5
175,1175,0.05,-11591.0,3.229,419,136,68,68,9.0
176,1176,0.05,-9998.0,2.785,436,129,64,65,12.8
177,1177,0.05,-10258.0,2.857,408,141,70,71,12.1
178,1178,0.05,-10245.0,2.854,397,147,73,74,12.4
179,1179,0.05,-10645.0,2.965,413,139,69,70,12.7
180,1180,0.05,-9578.0,2.668,399,145,72,73,9.4
181,1181,0.05,-11512.0,3.207,416,138,69,69,11.1
182,1182,0.05,-9525.0,2.653,393,149,74,75,12.4
183,1183,0.05,-11294.0,3.146,410,140,70,70,14.8
184,1184,0.05,-8846.0,2.464,398,146,73,73,11.0
185,1185,0.05,-10057.0,2.801,394,148,74,74,6.9
186,1186,0.05,-9349.0,2.604,386,151,75,76,7.8
187,1187,0.05,-9991.0,2.783,397,147,73,74,12.8
188,1188,0.05,-11371.0,3.167,432,131,65,66,13.9
189,1189,0.05,-13083.0,3.644,468,114,57,57,15.5
190,1190,0.05,-10540.0,2.936,421,135,67,68,14.6
191,1191,0.05,-9730.0,2.71,395,147,73,74,13.4
192,1192,0.05,-10515.0,2.929,410,140,70,70,13.8
193,1193,0.05,-8963.0,2.497,397,147,73,74,10.7
194,1194,0.05,-10530.0,2.933,393,148,74,74,12.4
195,1195,0.05,-9442.0,2.63,382,153,76,77,13.7
196,1196,0.05,-10710.0,2.983,399,145,72,73,19.0
197,1197,0.05,-10812.0,3.012,414,139,69,70,10.0
198,1198,0.05,-10119.0,2.819,415,138,69,69,5.7
199,1199,0.05,-9769.0,2.721,413,139,69,70,15.9
